:020000040800F2
:1000000000800020E1410008C9350008D135000812
:10001000D9350008E1350008E93500080000000086
:10002000000000000000000000000000919D00089A
:10003000F135000800000000E19F000849A0000819
:1000400031420008314200083142000831420008C4
:1000500031420008314200083142000831420008B4
:1000600031420008314200083142000801360008E0
:1000700015360008314200083142000831420008BC
:1000800031420008000000003142000831420008FF
:100090003142000831420008314200083142000874
:1000A0003142000829360008314200083142000878
:1000B0003142000831420008314200083142000854
:1000C0003142000831420008314200083142000844
:1000D000314200083D360008314200083142000834
:1000E0003142000831420008314200083142000824
:1000F000314200083142000831420008000000008F
:1001000000000000314200080000000031420008F9
:10011000314200080000000031420008314200086E
:1001200031420008314200083142000831420008E3
:1001300031420008000000000000000031420008C9
:1001400031420008314200080000000000000000B9
:10015000000000000000000000000000000000009F
:100160000000000000000000000000003142000814
:100170003142000800000000000000000000000004
:1001800000000000314200080000000000000000F4
:10019000000000000000000000000000000000005F
:1001A0000000000000000000314200083142000859
:1001B00031420008314200083142000800000000CE
:1001C00000000000314200080000000000000000B4
:0801D000314200083142000831
:1001E00010B5054C237833B9044B13B10448AFF371
:1001F00000800123237010BD980000200000000043
:10020000C8B1000808B5034B1BB103490348AFF35D
:10021000008008BD000000009C000020C8B100085C
:1002200081F0004102E000BF83F0004330B54FEAA7
:1002300041044FEA430594EA050F08BF90EA020F14
:100240001FBF54EA000C55EA020C7FEA645C7FEAA7
:10025000655C00F0E2804FEA5454D4EB5555B8BFCA
:100260006D420CDD2C4480EA020281EA030382EA3B
:10027000000083EA010180EA020281EA0303362DCD
:1002800088BF30BD11F0004F4FEA01314FF4801CA0
:100290004CEA113102D0404261EB410113F0004FB2
:1002A0004FEA03334CEA133302D0524263EB430369
:1002B00094EA050F00F0A780A4F10104D5F1200E07
:1002C0000DDB02FA0EFC22FA05F2801841F1000162
:1002D00003FA0EF2801843FA05F359410EE0A5F136
:1002E00020050EF1200E012A03FA0EFC28BF4CF067
:1002F000020C43FA05F3C01851EBE37101F000451D
:1003000007D54FF0000EDCF1000C7EEB00006EEB29
:100310000101B1F5801F1BD3B1F5001F0CD34908B3
:100320005FEA30004FEA3C0C04F101044FEA44520A
:1003300012F5800F80F09A80BCF1004F08BF5FEA91
:10034000500C50F1000041EB045141EA050130BD71
:100350005FEA4C0C404141EB0101013C28BFB1F583
:10036000801FE9D291F0000F04BF01460020B1FACE
:1003700081F308BF2033A3F10B03B3F120020CDAA1
:100380000C3208DD02F1140CC2F10C0201FA0CF07F
:1003900021FA02F10CE002F11402D8BFC2F1200CE4
:1003A00001FA02F120FA0CFCDCBF41EA0C0190409A
:1003B000E41AA2BF01EB0451294330BD6FEA0404E3
:1003C0001F3C1CDA0C340EDC04F11404C4F12002CE
:1003D00020FA04F001FA02F340EA030021FA04F3E0
:1003E00045EA030130BDC4F10C04C4F1200220FA37
:1003F00002F001FA04F340EA0300294630BD21FA75
:1004000004F0294630BD94F0000F83F4801306BF3A
:1004100081F480110134013D4EE77FEA645C18BF2E
:100420007FEA655C29D094EA050F08BF90EA020FC5
:1004300005D054EA000C04BF1946104630BD91EABD
:10044000030F1EBF0021002030BD5FEA545C05D1C0
:100450004000494128BF41F0004130BD14F58004FF
:100460003CBF01F5801130BD01F0004545F0FE4173
:1004700041F470014FF0000030BD7FEA645C1ABFA8
:10048000194610467FEA655C1CBF0B46024650EADF
:10049000013406BF52EA033591EA030F41F400210B
:1004A00030BD00BF90F0000F04BF0021704730B591
:1004B0004FF4806404F132044FF000054FF0000166
:1004C00050E700BF90F0000F04BF0021704730B527
:1004D0004FF4806404F1320410F0004548BF4042FC
:1004E0004FF000013EE700BF42004FEAE2014FEA51
:1004F00031014FEA02701FBF12F07F4393F07F4F2C
:1005000081F06051704732F07F4208BF704793F02E
:100510007F4F04BF41F40021704730B54FF4607441
:1005200001F0004521F000411CE700BF50EA010244
:1005300008BF704730B54FF000050AE050EA0102ED
:1005400008BF704730B511F0004502D5404261EB5D
:1005500041014FF4806404F132045FEA915C3FF49E
:10056000D8AE4FF003025FEADC0C18BF03325FEA3B
:10057000DC0C18BF033202EBDC02C2F1200300FAEC
:1005800003FC20FA02F001FA03FE40EA0E0021FA11
:1005900002F11444BDE600BF70B54FF0FF0C4CF4FF
:1005A000E06C1CEA11541DBF1CEA135594EA0C0FB1
:1005B00095EA0C0F00F0DEF82C4481EA030621EAEC
:1005C0004C5123EA4C5350EA013518BF52EA033527
:1005D00041F4801143F4801338D0A0FB02CE4FF0D9
:1005E0000005E1FB02E506F00042E0FB03E54FF009
:1005F0000006E1FB03569CF0000F18BF4EF0010E01
:10060000A4F1FF04B6F5007F64F5407404D25FEAFC
:100610004E0E6D4146EB060642EAC62141EA5551AF
:100620004FEAC52040EA5E504FEACE2EB4F1FD0CF1
:1006300088BFBCF5E06F1ED8BEF1004F08BF5FEA6F
:10064000500E50F1000041EB045170BD06F0004621
:1006500046EA010140EA020081EA0301B4EB5C04CE
:10066000C2BFD4EB0C0541EA045170BD41F48011C6
:100670004FF0000E013C00F3AB8014F1360FDEBFEB
:10068000002001F0004170BDC4F10004203C35DAC7
:100690000C341BDC04F11404C4F1200500FA05F34A
:1006A00020FA04F001FA05F240EA020001F00042EB
:1006B00021F0004110EBD37021FA04F642EB060161
:1006C0005EEA430E08BF20EAD37070BDC4F10C048B
:1006D000C4F1200500FA04F320FA05F001FA04F24F
:1006E00040EA020001F0004110EBD37041F100013B
:1006F0005EEA430E08BF20EAD37070BDC4F1200546
:1007000000FA05F24EEA020E20FA04F301FA05F2AD
:1007100043EA020321FA04F001F0004121FA04F255
:1007200020EA020000EBD3705EEA430E08BF20EA25
:10073000D37070BD94F0000F0FD101F0004640005F
:1007400041EB010111F4801F08BF013CF7D041EAE1
:10075000060195F0000F18BF704703F000465200E5
:1007600043EB030313F4801F08BF013DF7D043EAB6
:100770000603704794EA0C0F0CEA135518BF95EA6C
:100780000C0F0CD050EA410618BF52EA4306D1D1F3
:1007900081EA030101F000414FF0000070BD50EA12
:1007A000410606BF1046194652EA430619D094EA9C
:1007B0000C0F02D150EA013613D195EA0C0F05D186
:1007C00052EA03361CBF104619460AD181EA0301DA
:1007D00001F0004141F0FE4141F470014FF0000092
:1007E00070BD41F0FE4141F4780170BD70B54FF02D
:1007F000FF0C4CF4E06C1CEA11541DBF1CEA1355AD
:1008000094EA0C0F95EA0C0F00F0A7F8A4EB05048E
:1008100081EA030E52EA03354FEA013100F0888085
:100820004FEA03334FF0805545EA131343EA12634E
:100830004FEA022245EA111545EA10654FEA002603
:100840000EF000419D4208BF964244F1FD0404F5BC
:10085000407402D25B084FEA3202B61A65EB030518
:100860005B084FEA32024FF480104FF4002CB6EBD5
:10087000020E75EB030E22BFB61A754640EA0C0055
:100880005B084FEA3202B6EB020E75EB030E22BF95
:10089000B61A754640EA5C005B084FEA3202B6EBD6
:1008A000020E75EB030E22BFB61A754640EA9C0095
:1008B0005B084FEA3202B6EB020E75EB030E22BF65
:1008C000B61A754640EADC0055EA060E18D04FEA23
:1008D000051545EA16754FEA06164FEAC30343EAC3
:1008E00052734FEAC2025FEA1C1CC0D111F4801F90
:1008F0000BD141EA00014FF000004FF0004CB6E789
:1009000011F4801F04BF01430020B4F1FD0C88BF27
:10091000BCF5E06F3FF6AFAEB5EB030C04BFB6EB32
:10092000020C5FEA500C50F1000041EB045170BD25
:100930000EF0004E4EEA113114EB5C04C2BFD4EB52
:100940000C0541EA045170BD41F480114FF0000ED6
:10095000013C90E645EA060E8DE60CEA135594EA52
:100960000C0F08BF95EA0C0F3FF43BAF94EA0C0F55
:100970000AD150EA01347FF434AF95EA0C0F7FF4CA
:1009800025AF104619462CE795EA0C0F06D152EA1E
:1009900003353FF4FDAE1046194622E750EA410602
:1009A00018BF52EA43067FF4C5AE50EA41047FF413
:1009B0000DAF52EA43057FF4EBAE12E74FF0FF3C78
:1009C00006E000BF4FF0010C02E000BF4FF0010C49
:1009D0004DF804CD4FEA410C7FEA6C5C4FEA430CC2
:1009E00018BF7FEA6C5C1BD001B050EA410C0CBF11
:1009F00052EA430C91EA030F02BF90EA020F002073
:100A0000704710F1000F91EA030F58BF994208BFD9
:100A100090422CBFD8176FEAE37040F00100704796
:100A20004FEA410C7FEA6C5C02D150EA013C07D1ED
:100A30004FEA430C7FEA6C5CD6D152EA033CD3D038
:100A40005DF8040B704700BF8446104662468C4632
:100A50001946634600E000BF01B5FFF7B7FF002865
:100A600048BF10F1000F01BD4DF808EDFFF7F4FF8E
:100A70000CBF012000205DF808FB00BF4DF808ED19
:100A8000FFF7EAFF34BF012000205DF808FB00BF3C
:100A90004DF808EDFFF7E0FF94BF012000205DF85E
:100AA00008FB00BF4DF808EDFFF7CEFF94BF012013
:100AB00000205DF808FB00BF4DF808EDFFF7C4FF0C
:100AC00034BF012000205DF808FB00BF4FEA410C55
:100AD0007FEA6C5C02D150EA013C0AD14FEA430C38
:100AE0007FEA6C5C02D152EA033C02D14FF0000075
:100AF00070474FF0010070474FEA4102B2F1E04306
:100B000024BFB3F5001CDCF1FE5C0DD901F0004CF4
:100B10004FEAC0024CEA5070B2F1004F40EB830044
:100B200008BF20F00100704711F0804F21D113F170
:100B30003872BCBF01F00040704741F480114FEAA9
:100B40005252C2F11802C2F1200C10FA0CF320FA32
:100B500002F018BF40F001004FEAC1234FEAD3234F
:100B600003FA0CFC40EA0C0023FA02F34FEA4303B9
:100B7000CCE77FEA625307D150EA01331EBF4FF042
:100B8000FE4040F44000704701F0004040F0FE405D
:100B900040F40000704700BF53B94AB9002908BFAC
:100BA00000281CBF4FF0FF314FF0FF3000F088B934
:100BB000ADF1080C6DE904CE00F006F8DDF804E0B4
:100BC000DDE9022304B070472DE9F047089D8E4609
:100BD00004468846002B4AD18A42174662D9B2FAA7
:100BE00082F64EB1C6F1200301FA06F820FA03F3AB
:100BF000B74043EA0808B4404FEA174E1FFA87FC93
:100C0000B8FBFEF1230C0EFB118843EA084301FBFD
:100C10000CF29A4209D9FB1801F1FF3080F0EA800A
:100C20009A4240F2E78002393B449A1AA3B2B2FBDF
:100C3000FEF00EFB102243EA024300FB0CFC9C4535
:100C400009D9FB1800F1FF3280F0D6809C4540F2B4
:100C5000D3803B44023840EA0140A3EB0C0300215F
:100C60001DB1F3400022C5E90032BDE8F0878B4298
:100C700005D90DB1C5E9000100210846F5E7B3FA31
:100C800083F1002946D1734502D3824200F20581E7
:100C9000841A6EEB030201209046002DE5D0C5E9D1
:100CA0000048E2E7002A00F09080B2FA82F6002EB7
:100CB00040F0A4808A1A030C4FEA174E80B2BCB2EF
:100CC0000121B2FBFEFC0EFB1C2243EA024304FBA3
:100CD0000CF29A4207D9FB180CF1FF3802D29A4263
:100CE00000F2E080C4469B1AB3FBFEF20EFB123307
:100CF00040EA034302FB04F49C4207D9FB1802F1CB
:100D0000FF3002D29C4200F2CA8002461B1B42EA1C
:100D10000C40A5E7C1F120068B4022FA06F71F43DD
:100D20000EFA01F420FA06F32EFA06FE4FEA1749EE
:100D3000234300FA01F81FFA87FCBEFBF9F01C0CF4
:100D400009FB10EE44EA0E4400FB0CFEA64502FA35
:100D500001F209D93C1900F1FF3A80F09C80A645C8
:100D600040F2998002383C44A4EB0E041FFA83FE43
:100D7000B4FBF9F309FB13444EEA044403FB0CFCF7
:100D8000A44508D93C1903F1FF3E80F08280A445B8
:100D90007FD9023B3C4443EA0040A4EB0C04A0FB97
:100DA00002EC64457346E14662D35FD05DB1B8EBB7
:100DB000030264EB090404FA06F622FA01F31E4367
:100DC000CC40C5E9006400214FE7B1FBF2FC010C07
:100DD00041EA0E4180B240EA01423B4638463C4679
:100DE000B846BE462026B1FBF7F1A2EB080241EA65
:100DF0000C4166E7014618E710462CE7C6F12002D1
:100E00002EFA02F3B740B14020FA02F24FEA174E31
:100E10000A43B3FBFEF8BCB20EFB1833110C41EAD7
:100E2000034108FB04F9B04089454FEA104380B202
:100E30003ED9791808F1FF3C01D289451FD8A1EBB2
:100E40000901B1FBFEF909FB04F80EFB191192B27E
:100E500042EA0142424529D2BA1809F1FF31C4D20F
:100E60004245C2D2A9F102013A44BEE7F0459DD203
:100E7000BEEB02036CEB070C0138E14696E7A7EBEB
:100E800009094944A8F1020CB1FBFEF909FB04F879
:100E9000DBE773467FE7504666E70846FDE63B44DE
:100EA000023A33E7ACF1020C3B441CE749469CE7AD
:100EB000A1EB0901C446B1FBFEF909FB04F8C4E744
:100EC000704700BF80B584B000AF7860786800F0EC
:100ED000D9FD0346FB7397F90F30002B37D17B68A0
:100EE00000221A707B6893F83730002B08D107F185
:100EF0000E017B680122012000F02FF80346FB73EE
:100F000097F90F30002B22D107F10D017B680122E8
:100F1000012000F022F80346FB7397F90F30002BF5
:100F200015D17B7B002B05D0786800F0E7FD0346E8
:100F3000FB7301E0FC23FB7397F90F30002B06D104
:100F40007B7B7968184600F0BDFD0346FB7397F97B
:100F50000F3018461037BD4680BD90B587B000AF42
:100F6000B9607A603B600346FB73386800F08AFD25
:100F70000346FB7597F91730002B1FD1BB68002B78
:100F80001CD03B6893F83730002B03D1FB7B63F018
:100F90007F03FB733B68DC69F87B3B687A68B96860
:100FA000A04703461A463B6883F828203B6893F91C
:100FB0002830002B04D0FE23FB7501E0FF23FB75D6
:100FC00097F9173018461C37BD4690BD90B587B0CD
:100FD00000AFB9607A603B600346FB730023BB75CA
:100FE000386800F04FFD0346FB7597F91730002B6A
:100FF00044D1BB68002B41D03B6893F83730002BBD
:101000001ED13B681C6AFA7BBB7D1344D8B2BB7D02
:10101000BA68D1183B685B680122A04703461A46AC
:101020003B6883F82820BB7D0133BB75BB7D7A68A4
:101030009A421BD93B6893F92830002BE1D015E088
:101040003B6893F83730012B04D03B6893F8373076
:10105000022B0BD13B681C6AF87B3B687A68B96845
:10106000A04703461A463B6883F828203B6893F95B
:101070002830002B04D0FE23FB7501E0FF23FB7515
:1010800097F9173018461C37BD4690BD80B584B01F
:1010900000AF7860B6233B7307F10C017B68012237
:1010A0007E20FFF793FF0346FB7397F90F30002B69
:1010B0002FD17B685B6A7A68526811464FF4FA60F8
:1010C00098477B6893F83730002B08D107F10E0161
:1010D0007B6801220120FFF740FF0346FB7397F96D
:1010E0000F30002B15D107F10D037968184600F079
:1010F00016F80346FB7397F90F30002B09D17B7B61
:1011000003F01003002B02D00023FB7301E0FA234D
:10111000FB7397F90F3018461037BD4680BD80B578
:1011200084B000AF786039607B68002B08D03B68E2
:10113000012279682720FFF710FF0346FB7301E0C7
:10114000FF23FB7397F90F3018461037BD4680BD5B
:1011500080B584B000AF786039607B68002B3FD0E9
:1011600007F10C013B6801223720FFF7F6FE03462A
:10117000FB7397F90F30002B34D13B7B03F0030353
:10118000BB73BB7B032B28D801A252F823F000BF0E
:10119000A1110008C3110008CB110008D3110008E9
:1011A0003B7BDB097B737B7B002B06D1396878683E
:1011B00000F0F5FC0346FB7314E07B6800221A7014
:1011C00010E07B6801221A700CE07B6802221A7022
:1011D00008E07B6803221A7004E0F923FB7301E046
:1011E000FF23FB7397F90F3018461037BD4680BDBB
:1011F00080B584B000AF03463960FB7107F10E0380
:1012000039681846FFF7A4FF0346FB7397F90F30C0
:10121000002B37D1BB7B002B11D03968002000F0A8
:1012200072FD0346FB7397F90F30002B07D13B6823
:101230005B6A3A685268114640F6C410984797F9BD
:101240000F30002B1ED1FB79042B09D0042B15DCA9
:10125000002B16D0002B11DB013B022B0ED805E032
:10126000386800F0E3FC0346FB730BE0FB79396858
:10127000184600F048FD0346FB7303E0F923FB73B7
:1012800000E000BF97F90F3018461037BD4680BD0B
:1012900080B584B000AF786039607B68002B58D08F
:1012A00007F10E013B6801221520FFF756FE0346A9
:1012B000FB7397F90F30002B4DD1BB7B5BB223F052
:1012C00001035AB27B681B785BB203F001035BB287
:1012D00013435BB2DBB2BB73BB7B5BB223F0020395
:1012E0005AB27B685B785BB25B005BB203F00203CF
:1012F0005BB213435BB2DBB2BB73BB7B5BB223F06D
:1013000004035AB27B689B785BB29B005BB203F02C
:1013100004035BB213435BB2DBB2BB73BB7B5BB258
:1013200023F008035AB27B68DB785BB2DB005BB268
:1013300003F008035BB213435BB2DBB2BB7307F18C
:101340000E013B6801221520FFF740FE0346FB73A8
:1013500001E0FF23FB7397F90F3018461037BD46A5
:1013600080BD90B585B000AF0446084611461A46C8
:101370002346FB710346BB710B467B7113463B71E1
:101380000023BB7300237B7300233B7307F10E0123
:101390003B6A01221420FFF7E0FD0346FB7397F937
:1013A0000F30002B60D107F10D013B6A012215209F
:1013B000FFF70CFE0346FB7397F90F30002B53D158
:1013C00007F10C013B6A01222720FFF7C6FD034607
:1013D000FB7397F90F30002B46D1BB7B5BB223F038
:1013E00001035AB297F9073003F001035BB21343CC
:1013F0005BB2DBB2BB73BB7B5BB223F002035AB2BE
:1014000097F906305B005BB203F002035BB2134353
:101410005BB2DBB2BB73BB7B5BB223F004035AB29B
:1014200097F905309B005BB203F004035BB21343F2
:101430005BB2DBB2BB73BB7B5BB223F008035AB277
:1014400097F90430DB005BB203F008035BB213438F
:101450005BB2DBB2BB7307F10E013B6A01221420C1
:10146000FFF7B4FD0346FB7397F90F3018461437A6
:10147000BD4690BD80B584B000AF786039607B68B0
:10148000002B2BD007F10C013B6802223620FFF71E
:1014900064FD0346FB7397F90F30002B20D13B7B93
:1014A00003F00703DAB27B681A703B7BDB10DBB218
:1014B00003F00703DAB27B685A703B7B9B11DBB207
:1014C00003F00103DAB27B689A707B7B9B10DBB27E
:1014D00003F01F03DAB27B68DA7001E0FF23FB73CD
:1014E00097F90F3018461037BD4680BD80B584B0DF
:1014F00000AF786039600023FB730023BB817B68F9
:10150000002B65D07B68DB78172B04D8386800F097
:101510002FFC0346FB7397F90F30002B5AD107F1CC
:101520000C013B6802223620FFF717FD0346FB73D0
:1015300097F90F30002B4DD13B7B5BB223F00703B3
:101540005AB27B681B785BB203F007035BB21343AC
:101550005BB2DBB23B733B7B5BB223F038035AB226
:101560007B685B785BB2DB005BB203F038035BB295
:1015700013435BB2DBB23B733B7B5BB223F04003B4
:101580005AB27B689B785BB29B015BB203F040036D
:101590005BB213435BB2DBB23B737B7B5BB223F08A
:1015A0007C035AB27B68DB785BB29B005BB203F0D2
:1015B0007C035BB213435BB2DBB27B7307F10C01BC
:1015C0003B6802223620FFF701FD0346FB7301E072
:1015D000FF23FB7397F90F3018461037BD4680BDC7
:1015E00080B584B000AF786039607B68002B2FD065
:1015F00007F10C013B6802223020FFF7AEFC0346E6
:10160000FB733B7BDB10DBB203F00103DAB27B68D8
:101610009A703B7B5B11DBB203F00103DAB27B68AB
:10162000DA703B7B9B10DBB203F00103DAB27B681C
:101630001A717B7B03F00703DAB27B681A707B7B3D
:10164000DB10DBB203F00703DAB27B685A7001E00B
:10165000FF23FB7397F90F3018461037BD4680BD46
:1016600080B584B000AF786039600023FB737B687D
:10167000002B41D07B681B78002B03D17B685B7803
:10168000002B04D0386800F073FB0346FB7397F916
:101690000F30002B32D107F10E0339681846FFF7DF
:1016A00057FD0346FB7397F90F30002B26D1BB7B08
:1016B000002B05D039680020FFF79AFD0346FB7325
:1016C00097F90F30002B05D13968786800F06FFB6F
:1016D0000346FB7397F90F30002B0FD1BB7B002B18
:1016E0000CD0BB7B042B09D0BB7B39681846FFF7B5
:1016F0007FFD0346FB7301E0FF23FB7397F90F3077
:1017000018461037BD4680BD80B584B000AF786004
:1017100039600023FB737B68002B57D007F10E0163
:101720003B6801221620FFF718FC0346FB7397F96C
:101730000F30002B28D1BB7B03F01F03DAB27B688C
:101740009A72BB7B5B11DBB203F00103DAB27B68F8
:101750005A7207F10E013B6801221820FFF7FDFBCA
:101760000346FB7397F90F30002B0DD1BB7B03F0C1
:101770000303DAB27B689A71BB7B9B10DBB203F088
:101780000703DAB27B68DA7197F90F30002B1FD1AB
:1017900007F10E013B6801223020FFF7DEFB034614
:1017A000FB7397F90F30002B12D1BB7B1B11DBB2FF
:1017B00003F00103DAB27B68DA72BB7B9B11DBB208
:1017C00003F00103DAB27B681A7301E0FF23FB73B5
:1017D00097F90F3018461037BD4680BD80B584B0EC
:1017E00000AF786039600023FB737B68002B00F04A
:1017F00092807B689B79002B04D0386800F0B8FA9F
:101800000346FB7397F90F30002B40F086807B680E
:10181000DB7ABB737B681B7B7B73797BBB7B3A6812
:10182000184600F02CFB0346FB7397F90F30002B92
:1018300073D107F10C013B6801221620FFF78DFBE5
:101840000346FB7397F90F30002B18D13B7B5BB23B
:1018500023F020035AB27B685B7A5BB25B015BB218
:1018600003F020035BB213435BB2DBB23B7307F1BF
:101870000C037968184600F072FB0346FB7397F976
:101880000F30002B08D107F10C013B680122162014
:10189000FFF79CFB0346FB7397F90F30002B08D131
:1018A00007F10C013B6801221820FFF756FB0346A5
:1018B000FB7397F90F30002B1FD13B7B5BB223F0FA
:1018C00003035AB27B689B795BB203F003035BB2FC
:1018D00013435BB2DBB23B733B7B5BB223F01C0375
:1018E0005AB27B68DB795BB29B005BB203F01C03EE
:1018F0005BB213435BB2DBB23B7397F90F30002B43
:101900000BD107F10C013B6801221820FFF75EFBA9
:101910000346FB7301E0FF23FB7397F90F30184672
:101920001037BD4680BD80B586B000AFF860B960A5
:101930007A60BB68002B34D0FB68002B31D007F1F4
:1019400016017B6801221720FFF707FB0346FB7592
:1019500097F91730002B27D1BB7D03F03F03DAB294
:10196000BB681A72BB689B79012B03D0BB689B795B
:10197000022B08D1BB681B7A1A46520013449AB254
:10198000FB681A8010E0BB689B79032B0CD1BB6805
:101990001B7A1A46520013445B009AB2FB681A8005
:1019A00002E0FF23FB7500E000BF97F917301846EF
:1019B0001837BD4680BD80B584B000AF786039600F
:1019C0007B68002B20D007F10C033A687968184631
:1019D000FFF7A9FF0346FB7397F90F30002B15D1D2
:1019E0007B689A88BB899A4202D9BA897B689A80B7
:1019F0007B6819687B689B881A463B682920FFF73B
:101A0000ACFA0346FB7301E0FF23FB7397F90F3039
:101A100018461037BD4680BD80B584B000AF7860F1
:101A200039600023FB730023BB737B68002B1FD03E
:101A30003B68002B1CD00023BB810EE0BB7BDB008E
:101A40003A68134407F10C017A68184600F0D4FA9A
:101A50000346FB73BB7B0133BB737B689A88BB89EE
:101A60009A4208D997F90F3013F1090FE6D102E035
:101A7000FF23FB7300E000BF97F90F3018461037C3
:101A8000BD4680BD80B485B000AF78607B68002B18
:101A90000BD07B68DB69002B07D07B681B6A002BAF
:101AA00003D07B685B6A002B02D1FF23FB7301E04C
:101AB0000023FB7397F90F3018461437BD465DF8C5
:101AC000047B704780B485B000AF03463960FB717A
:101AD000FB79502B02D0FB79512B05D13B68FA7969
:101AE0001A700023FB7301E0FD23FB7397F90F309D
:101AF00018461437BD465DF8047B704780B584B046
:101B000000AF786007F10E037968184600F0E0FB3B
:101B10000346FB7397F90F30002B3AD1BB7B03F0E0
:101B20000203002B33D0BB7B03F00403002B2ED128
:101B300007F10D0379681846FFF7F1FA0346FB73C6
:101B400097F90F30002B24D17B7B03F01003002B7F
:101B500002D00023FB731CE07868FFF797FA7B68DC
:101B60005B6A012140F6B830984707F10D037968A8
:101B70001846FFF7D4FA0346FB7397F90F30002B92
:101B800002D197F90F3006E0FB23FB7301E0FB2342
:101B9000FB7397F90F3018461037BD4680BD80B5EE
:101BA00086B000AF7860396007F1100300221A6038
:101BB0001A710023FB6007F116013B68012218200F
:101BC000FFF7CBF90346FB75BB7D03F00303DBB2E4
:101BD000BB7597F91730002B13D107F10C03396847
:101BE0001846FFF747FC0346FB7597F91730002BA3
:101BF00007D107F1100339681846FFF7F1FC0346D7
:101C0000FB75FB7B182B0BD9BB7D002B08D13B7CD4
:101C1000002B05D17B7C002B02D17B6804221A703B
:101C200097F9173018461837BD4680BD80B584B087
:101C300000AF786007F10E017B6801223720FFF7C3
:101C40008CF90346FB7397F90F30002B55D1BB7B02
:101C500003F07F03DBB2BB73BB7B5BB223F07C037F
:101C60005BB243F070035BB2DBB2BB7307F10E01F2
:101C70007B6801223720FFF7A9F90346FB7397F928
:101C80000F30002B1AD107F10E017B6801223120A1
:101C9000FFF763F90346FB7397F90F30002B0DD163
:101CA000BB7B23F03F03DBB2BB7307F10E017B6804
:101CB00001223120FFF78AF90346FB7397F90F30B1
:101CC000002B1AD107F10E017B6801221820FFF7C3
:101CD00044F90346FB7397F90F30002B0DD1BB7B02
:101CE00023F00303DBB2BB7307F10E017B68012213
:101CF0001820FFF76BF90346FB7397F90F3018466E
:101D00001037BD4680BD80B584B000AF0346396052
:101D1000FB7107F10E013B6801223720FFF71DF927
:101D20000346FB7397F90F30002B1BD1BB7B63F08D
:101D30007F03DBB2BB73BB7B5BB223F003035AB2FE
:101D400097F9073003F003035BB213435BB2DBB2D6
:101D5000BB7307F10E013B6801223720FFF736F90C
:101D60000346FB7397F90F3018461037BD4680BD08
:101D700080B584B000AF786007F10E03796818462B
:101D8000FFF7E6F90346FB7397F90F30002B08D1F4
:101D9000BB7B042B05D179680020FFF729FA0346A5
:101DA000FB7397F90F3018461037BD4680BD80B5DC
:101DB00084B000AF7860396007F10C013B68022203
:101DC0003020FFF7CAF80346FB7397F90F30002B5A
:101DD0004FD13B7B5BB223F008035AB27B689B7800
:101DE0005BB2DB005BB203F008035BB213435BB290
:101DF000DBB23B733B7B5BB223F020035AB27B68C0
:101E0000DB785BB25B015BB203F020035BB2134390
:101E10005BB2DBB23B733B7B5BB223F004035AB291
:101E20007B681B795BB29B005BB203F004035BB27F
:101E300013435BB2DBB23B737B681B787B737B7BAA
:101E40005BB223F038035AB27B685B785BB2DB008D
:101E50005BB203F038035BB213435BB2DBB27B735C
:101E600007F10C013B6802223020FFF7AFF8034670
:101E7000FB7397F90F3018461037BD4680BD80B50B
:101E800084B000AF03463A60FB710B46BB71002380
:101E9000BB7307F10D0339681846FFF759F903467C
:101EA000FB7397F90F30002B53D17B7B002B05D0B0
:101EB00039680020FFF79CF90346FB7397F90F3050
:101EC000002B35D107F10E013B6801223020FFF7CE
:101ED00044F80346FB7397F90F30002B28D1BB7BE6
:101EE0005BB223F010035AB297F907301B015BB2C3
:101EF00003F010035BB213435BB2DBB2BB73BB7B7B
:101F00005BB223F040035AB297F906309B015BB2F3
:101F100003F040035BB213435BB2DBB2BB7307F168
:101F20000E013B6801223020FFF750F80346FB7397
:101F300097F90F30002B0CD17B7B002B09D07B7BDA
:101F4000042B06D07B7B39681846FFF751F903460E
:101F5000FB7397F90F3018461037BD4680BD80B42B
:101F600085B000AF786039600023FB733B689B79D4
:101F7000012B03D03B689B79022B18D13B689B7ADD
:101F80001F2B11D87B681B785BB223F01F035AB25A
:101F90003B689B7A5BB203F01F035BB213435BB2F7
:101FA000DAB27B681A701EE0F823FB731BE03B6813
:101FB0009B79032B17D13B689B7A0F2B11D87B6839
:101FC0001B785BB223F01F035AB23B689B7A5BB26B
:101FD00003F01F035BB213435BB2DAB27B681A7083
:101FE00001E0F823FB7397F90F3018461437BD460C
:101FF0005DF8047B7047000080B588B000AFF860E2
:10200000B9607A600023FB777B689B79032B00F033
:10201000B480032B00F34981012B02D0022B56D050
:1020200043E17B681B68BA68128813441B787F2BD6
:1020300011D17B681A68BB681B88013313441B7875
:102040007F2B08D17B681A68BB681B880233134456
:102050001B787F2B34D07B681A68BB681B880233DF
:1020600013441B781A047B681968BB681B8801330A
:102070000B441B781B0213437A681268B9680988FD
:102080000A4412781343BB61B869FEF71BFA4FF09C
:1020900000028D4BFEF7AAFB02460B46104619467E
:1020A000FEF72AFD0246FB685A60FB684FF000020B
:1020B0001A60BB681B8803339AB2BB681A80FDE0C4
:1020C000F723FB777B689A88BB681A80F6E07B6809
:1020D0001B68BA68128813441B787F2B11D17B6868
:1020E0001A68BB681B88013313441B787F2B08D107
:1020F0007B681A68BB681B88023313441B787F2BEC
:1021000034D07B681A68BB681B88023313441B7881
:102110001A047B681968BB681B8801330B441B7861
:102120001B0213437A681268B96809880A44127856
:1021300013437B617869FEF7B5F94FF00002634BFA
:10214000FEF754FB02460B4610461946FEF7D4FC38
:102150000246FB681A60FB684FF000025A60BB68D9
:102160001B8803339AB2BB681A80A7E0F723FB777A
:102170007B689A88BB681A80A0E07B681B68BA6895
:10218000128813441B787F2B2CD17B681A68BB689C
:102190001B88013313441B787F2B23D17B681A687B
:1021A000BB681B88023313441B787F2B1AD17B68D2
:1021B0001A68BB681B88033313441B787F2B11D12B
:1021C0007B681A68BB681B88043313441B787F2B19
:1021D00008D17B681A68BB681B88053313441B78D9
:1021E0007F2B5BD07B681A68BB681B880233134463
:1021F0001B781A047B681968BB681B8801330B4481
:102200001B781B0213437A681268B96809880A446C
:1022100012781343BB617B681A68BB681B8805335F
:1022200013441B781A047B681968BB681B88043345
:102230000B441B781B0213437A681168BA68128832
:1022400003320A44127813437B61B869FEF73AF906
:102250004FF000021C4BFEF7C9FA02460B4610462F
:102260001946FEF749FC0246FB685A607869FEF79A
:1022700019F94FF00002154BFEF7B8FA02460B466B
:1022800010461946FEF738FC0246FB681A60BB6828
:102290001B8806339AB2BB681A800FE0F723FB77DE
:1022A0007B689A88BB681A8008E0FB684FF00002E0
:1022B0001A60FB684FF000025A6000BF97F91F30A8
:1022C00018462037BD4680BD0000F0400000504059
:1022D00080B584B000AF786039607B68002B08D08F
:1022E0003B68012279682820FEF737FE0346FB731E
:1022F00001E0FF23FB7397F90F3018461037BD46F6
:1023000080BDB0B598B004AFB9607A603B60034659
:10231000FB733B6807F110041D460FCD0FC40FCDB2
:102320000FC40FCD0FC495E8030084E803003B7E83
:1023300087F84F307B69BB6497F84F3099B2FB7BCD
:102340009AB27B689BB2FF2002900193BB68009316
:102350000123B86C03F0B6F903465BB21846503758
:10236000BD46B0BDB0B598B004AFB9607A603B600F
:102370000346FB733B6807F110041D460FCD0FC4E5
:102380000FCD0FC40FCD0FC495E8030084E8030000
:102390003B7E87F84F307B69BB6497F84F3099B22A
:1023A000FB7B9AB27B689BB2FF2002900193BB68D3
:1023B00000930123B86C03F071F803465BB2184632
:1023C0005037BD46B0BD80B487B000AFB9607A6009
:1023D0003B600346FB733B681B78FB750023184684
:1023E0001C37BD465DF8047B704780B487B000AFF2
:1023F000B9607A603B600346FB733B681B78FB75F2
:10240000002318461C37BD465DF8047B704780B535
:1024100082B000AF78603960786800F07BFC00BF64
:102420000837BD4680BD000080B584B000AF78603D
:102430000B46FB700023FB73FB78012B0AD17B68F2
:10244000114ADA617B68114A1A627B68012283F8BB
:1024500037200CE0FB78002B09D17B680C4ADA614D
:102460007B680C4A1A627B68002283F837200A20B6
:1024700000F08EFC7B68084A5A6297F90F301846C4
:102480001037BD4680BD00BF032300086523000848
:10249000C7230008EB2300080F24000880B584B090
:1024A00000AF78600023FB727B684A4A5A607B6801
:1024B0003833484A5A607B687033474A5A607B68B1
:1024C000A833454A5A607B688C221A727B6838337D
:1024D0008E221A727B6870338C221A727B68A83342
:1024E0008E221A720023FB606BE0FA681346DB0051
:1024F0009B1ADB001A467B68134401211846FFF73C
:1025000093FFFA681346DB009B1ADB001A467B68D0
:1025100013441846FEF7BAFD0346FB72FA681346E9
:10252000DB009B1ADB001A467B681344FA7A83F8B7
:102530003420032001F0B4FE97F90B30002B3DD17D
:10254000FA681346DB009B1ADB001A467B681344CB
:102550001846FEF7B7FC0346FB72FA681346DB0029
:102560009B1ADB001A467B681344FA7A83F83520FD
:1025700097F90B30002B21D1FA681346DB009B1A28
:10258000DB001A467B68134403F10C00FA6813461B
:10259000DB009B1ADB001A467B681344194600F0E7
:1025A00031F80346FB72FA681346DB009B1ADB0026
:1025B0001A467B681344FA7A83F83620FB680133A5
:1025C000FB60FB68032B90DD00BF00BF1037BD46EA
:1025D00080BD00BF4C010020A001002080B584B068
:1025E00000AF78600023FB737B680C337968184672
:1025F00000F08EF80346FB7397F90F30184610373A
:10260000BD4680BD80B588B002AF7860396039685A
:102610000020FEF7EDFD0346FB7597F91730002B00
:1026200070D107F10C0339681846FEF723FF034603
:10263000FB7597F91730002B1FD10F23FB73012374
:10264000BB7303233B7306237B7307F10C033968C9
:102650001846FEF74BFF0346FB7597F91730002B22
:102660000BD107233B7407237B7407F110033968F0
:102670001846FEF7F5FF0346FB7597F91730002B58
:102680001ED139687868FFF73FF80346FB7597F964
:102690001730002B14D17B6800225A727B6803220A
:1026A0009A717B680022DA717B680122DA727B689A
:1026B00001221A7339687868FFF790F80346FB75B2
:1026C00097F91730002B17D13B68009301230022A4
:1026D00001210020FEF745FE0346FB7597F91730F0
:1026E000002B09D101237B7207F1080339681846D2
:1026F000FEF7CEFD0346FB7539680120FEF778FD35
:102700000346FB7597F9173018461837BD4680BD4C
:1027100080B5BCB000AF78603960002387F8EF3037
:10272000002387F8EE30002387F8ED3007F10C0323
:1027300080220021184607F07BFF58E007F1EC03E8
:1027400039681846FEF7EBFC034687F8EF3097F838
:10275000EC3003F00203002B44D07B6860229A80A7
:102760007B6807F18C021A6039687868FFF723F9F3
:10277000034687F8EF3097F9EF30002B32D107F19D
:102780000C0319467868FFF747F9034687F8EF30DE
:1027900097F9EF30002B20D1002387F8EE3016E0B8
:1027A00097F8EE30DB00F0333B44E43B1A683B68BB
:1027B000DA6297F8EE30DB00F0333B44E03B1A6816
:1027C0003B681A6397F8EE30013387F8EE307B6888
:1027D0001B7A97F8EE209A42E2D397F8ED30013356
:1027E00087F8ED3097F8ED30013387F8ED3097F842
:1027F000ED30132BA2D997F9EF301846F037BD46CC
:1028000080BD00000000000080B483B000AF78609D
:1028100079684FF000023E4BC1E900233D4BD3E9FC
:1028200000237968C1E9022379684FF000024FF074
:102830000003C1E9042379684FF00002344BC1E979
:10284000062379684FF00002314BC1E9082379680B
:102850004FF000024FF00003C1E90A2379682AA370
:10286000D3E90023C1E90C2379684FF000024FF04F
:102870000003C1E90E2379684FF000024FF0000316
:10288000C1E9102379684FF00002234BC1E91223FC
:1028900079684FF000024FF08043C1E91423796852
:1028A0004FF000024FF00003C1E9162379684FF0A2
:1028B00000024FF00003C1E9182379684FF00002CD
:1028C000164BC1E91A2379684FF000024FF000035C
:1028D000C1E91C2379684FF000024FF00003C1E901
:1028E0001E2379684FF000020C4BC1E920237B685E
:1028F0000122C3F8882000BF0C37BD465DF8047B79
:10290000704700BFAFF300807B14AE47E17A843F8D
:102910000000F03F000000200000F83F00002440CD
:10292000B0B59AB000AF786187ED020B39617A607B
:102930007B69D3E900017B69D3E91623FDF72CFEFF
:1029400002460B4614461D467B69D3E902017B69AA
:10295000D3E91823FDF720FE02460B462046294600
:10296000FDF764FC02460B46C7E912237B69D3E9F5
:1029700004017B69D3E91623FDF70EFE02460B46E0
:1029800014461D467B69D3E906017B69D3E9182308
:10299000FDF702FE02460B4620462946FDF746FC9F
:1029A00002460B46C7E914237B69D3E900017B6922
:1029B000D3E91A23FDF7F0FD02460B4614461D46E7
:1029C0007B69D3E902017B69D3E91E23FDF7E4FDAE
:1029D00002460B4620462946FDF728FC02460B46D8
:1029E000104619467B69D3E90C23FDF71FFC02460C
:1029F0000B46C7E90A237B69D3E900017B69D3E968
:102A00001C23FDF7C9FD02460B4614461D467B6993
:102A1000D3E902017B69D3E92023FDF7BDFD02461E
:102A20000B4620462946FDF701FC02460B461046A0
:102A300019467B69D3E90E23FDF7F8FB02460B46E6
:102A4000C7E90C237B69D3E904017B69D3E91A2325
:102A5000FDF7A2FD02460B4614461D467B69D3E9ED
:102A600006017B69D3E91E23FDF796FD02460B465E
:102A700020462946FDF7DAFB02460B46104619466A
:102A80007B69D3E91023FDF7D1FB02460B46C7E96A
:102A90000E237B69D3E904017B69D3E91C23FDF78D
:102AA0007BFD02460B4614461D467B69D3E90601B1
:102AB0007B69D3E92023FDF76FFD02460B462046D4
:102AC0002946FDF7B3FB02460B46104619467B69C3
:102AD000D3E91223FDF7AAFB02460B46C7E91023F0
:102AE0007B69D3E90801D7E91223FDF755FD0246BA
:102AF0000B4614461D467B69D3E90A01D7E9142326
:102B0000FDF74AFD02460B4620462946FDF78EFB9F
:102B100002460B46D7E90201FDF786FB02460B464B
:102B2000C7E91823D7E90A017B69D3E91423FDF724
:102B30007DFB02460B46C7E91623D7E90A01D7E910
:102B40001623FDF753FE02460B46C7E90623D7E9D5
:102B50000E01D7E91623FDF749FE02460B46C7E9E9
:102B60000823D7E91245D7E90601D7E91823FDF76D
:102B700013FD02460B4620462946FDF757FB024649
:102B80000B467969C1E91623D7E91445D7E908014D
:102B9000D7E91823FDF700FD02460B4620462946DB
:102BA000FDF744FB02460B467969C1E91823D7E9D2
:102BB0000A45D7E90601D7E90A23FDF7EDFC0246ED
:102BC0000B4620462946FDF72FFB02460B46796946
:102BD000C1E91A23D7E90C45D7E90601D7E90C2347
:102BE000FDF7DAFC02460B4620462946FDF71CFBA2
:102BF00002460B467969C1E91C23D7E90E45D7E99E
:102C00000801D7E90A23FDF7C7FC02460B46204618
:102C10002946FDF709FB02460B467969C1E91E23E7
:102C2000D7E91045D7E90801D7E90C23FDF7B4FC33
:102C300002460B4620462946FDF7F6FA02460B46A9
:102C40007969C1E920237B69D3E916233969C1E990
:102C500000237B69D3E918237968C1E9002300BF09
:102C60006837BD46B0BD000080B500AF0248FFF731
:102C7000CBFD00BF80BD00BFB8000020B0B586B05E
:102C800000AF87ED010AC7ED000A3868FDF72CFC9C
:102C90004FF00002154BFDF7A9FD02460B46144903
:102CA000C1E90023124BD3E900231249C1E90223F1
:102CB0007868FDF719FC04460D4607F1080207F194
:102CC0001003194645EC104B0A48FFF729FED7E9D7
:102CD000042310461946FDF70FFF034607EE903A0E
:102CE000B0EE670A1837BD46B0BD00BF00408F4048
:102CF00000000020B800002080B400AF044B102278
:102D00001A6000231846BD465DF8047B704700BF7B
:102D10004801002080B489B000AF78600023BB6117
:102D2000194B5B687B61194B1A687B6802FB03F3E4
:102D30003B61154B9B68FB61134B9B68FB60FA681A
:102D4000FB699A42F8D0FA68FB699A4206D2FA699E
:102D5000FB68D31ABA691344BB6107E07A69FB6860
:102D6000D21AFB691344BA691344BB61FB68FB6167
:102D7000BA693B699A4200D2DEE700BF00BF243740
:102D8000BD465DF8047B704710E000E0480100207C
:102D900080B582B000AF78607B684FF47A7202FB36
:102DA00003F31846FFF7B6FF00BF0837BD4680BDE6
:102DB000B0B590B000AF01F03CFA00F04BF800F075
:102DC00087F900F053F900F005F900F083F800F0FE
:102DD000C1F81A4B07F12C041D460FCD0FC42B6808
:102DE000236007F12C030021184606F042F9034640
:102DF000134A1360134B07F118041D460FCD0FC47F
:102E00002B68236007F118030021184606F031F9FA
:102E100003460D4A13600D4B3C1D1D460FCD0FC4DC
:102E20002B6823603B1D0021184606F022F903465B
:102E3000074A136006F016F900BFFDE7ECB1000881
:102E4000480300200CB200084C0300202CB20008FC
:102E50005003002080B594B000AF07F1180338226A
:102E60000021184607F0E4FB3B1D00221A605A605F
:102E70009A60DA601A614FF4007003F097F8022349
:102E8000BB614FF480737B624023BB6200237B6392
:102E900007F11803184603F03DF90346002B01D053
:102EA00000F066F90F237B600123BB600023FB6009
:102EB00000233B6100237B613B1D0021184603F08A
:102EC0003BFC0346002B01D000F052F900BF503705
:102ED000BD4680BD80B500AF1B4B1C4A1A601A4B23
:102EE0001B4A5A60184B00229A60174B0122DA6085
:102EF000154B00221A61144B00225A61124B00221A
:102F00009A61114B0022DA610F4B00221A620E48BF
:102F100002F028FA0346002B01D000F029F9002125
:102F2000094802F0ABFF0346002B01D000F020F966
:102F30000021054802F0EDFF0346002B01D000F010
:102F400017F900BF80BD00BF4C01002000540040B5
:102F50001706300080B500AF1B4B1C4A1A601A4B95
:102F60001B4A5A60184B00229A60174B0122DA6004
:102F7000154B00221A61144B00225A61124B002299
:102F80009A61114B0022DA610F4B00221A620E483F
:102F900002F0E8F90346002B01D000F0E9F8002127
:102FA000094802F06BFF0346002B01D000F0E0F867
:102FB0000021054802F0ADFF0346002B01D000F0D0
:102FC000D7F800BF80BD00BFA0010020005800401E
:102FD0001706300080B500AF224B234A1A60214B00
:102FE0004FF4E1325A601F4B00229A601D4B0022C1
:102FF000DA601C4B00221A611A4B0C225A61194BE1
:1030000000229A61174B0022DA61164B00221A62E5
:10301000144B00225A62134B00229A62114804F0AA
:10302000EFFA0346002B01D000F0A2F800210D4872
:1030300005F0E1FE0346002B01D000F099F80021D5
:10304000084805F016FF0346002B01D000F090F869
:10305000044805F097FE0346002B01D000F088F8E5
:1030600000BF80BDF40100200038014080B582B06F
:1030700000AF164B9B6C154A43F004039364134B4B
:103080009B6C03F004037B607B68104B9B6C0F4AC6
:1030900043F0010393640D4B9B6C03F001033B6011
:1030A0003B68002205210B2001F0D4F90B2001F030
:1030B000EBF9002205210C2001F0CCF90C2001F0E5
:1030C000E3F900BF0837BD4680BD00BF00100240D5
:1030D00080B588B000AF07F10C0300221A605A6077
:1030E0009A60DA601A61174BDB6C164A43F00203F0
:1030F000D364144BDB6C03F00203BB60BB68114B61
:10310000DB6C104A43F00103D3640E4BDB6C03F01D
:1031100001037B607B68002201210B4802F0F0F87C
:103120000123FB6001233B6100237B610023BB6122
:1031300007F10C031946044801F060FF00BF203777
:10314000BD4680BD001002400004004880B582B03A
:1031500000AF78607B681B68044A934201D101F09C
:1031600081F800BF0837BD4680BD00BF002C01407C
:1031700080B400AF72B600BF00BFFDE780B582B07B
:1031800000AF124B1B6E114A43F0010313660F4B45
:103190001B6E03F001037B607B680C4B9B6D0B4A3D
:1031A00043F080539365094B9B6D03F080533B6064
:1031B0003B6800220F216FF0010001F04BF902F093
:1031C00099FF00BF0837BD4680BD00BF0010024018
:1031D00080B59EB000AF786007F1640300221A60EA
:1031E0005A609A60DA601A6107F1200344220021D4
:1031F000184607F01DFA7B681B684C4A934254D16D
:1032000040233B620023BB6307F12003184603F011
:10321000E1FC0346002B01D0FFF7AAFF444BDB6C17
:10322000434A43F00103D364414BDB6C03F00103D9
:10323000FB61FB693E4BDB6C3D4A43F00203D36408
:103240003B4BDB6C03F00203BB61BB694FF40043F3
:103250007B661223BB660023FB6600233B670423C7
:103260007B6707F1640319464FF0904001F0C6FEFA
:1032700080237B661223BB660023FB6600233B672B
:1032800004237B6707F1640319462A4801F0B6FE60
:10329000274B9B6D264A43F400139365244B9B6D8B
:1032A00003F400137B617B693CE07B681B68224A66
:1032B000934237D180233B620023FB6307F1200355
:1032C000184603F087FC0346002B01D0FFF750FFA0
:1032D000174BDB6C164A43F00103D364144BDB6CD1
:1032E00003F001033B613B694FF440737B6612239B
:1032F000BB660023FB6600233B6704237B6707F163
:10330000640319464FF0904001F078FE084B9B6D26
:10331000074A43F480039365054B9B6D03F48003D8
:10332000FB60FB6800BF7837BD4680BD005400409D
:1033300000100240000400480058004080B59CB0D6
:1033400000AF786007F15C0300221A605A609A604F
:10335000DA601A6107F1180344220021184607F0C9
:1033600067F97B681B685B4A934240F0AF8001239A
:10337000BB610023FB6107F11803184603F02AFC28
:103380000346002B01D0FFF7F3FE534B1B6E524A4E
:1033900043F480431366504B1B6E03F480437B6100
:1033A0007B694D4BDB6C4C4A43F00103D3644A4BC1
:1033B000DB6C03F001033B613B69474BDB6C464A26
:1033C00043F00203D364444BDB6C03F00203FB6065
:1033D000FB684FF48063FB6502233B6600237B663A
:1033E0000023BB660723FB6607F15C0319464FF019
:1033F000904001F003FE4023FB6502233B6600235F
:103400007B660023BB660723FB6607F15C03194656
:10341000324801F0F3FD324B324A1A60304B182229
:103420005A602F4B00229A602D4B0022DA602C4B01
:1034300080221A612A4B00225A61294B00229A618C
:10344000274B0022DA61264B00221A62244801F041
:1034500029F80346002B01D0FFF78AFE7B68204A3B
:10346000C3F880201E4A7B6893621F4B1F4A1A6074
:103470001D4B19225A601C4B10229A601A4B0022D5
:10348000DA60194B80221A61174B00225A61164BE1
:1034900000229A61144B0022DA61134B00221A6257
:1034A000114800F0FFFF0346002B01D0FFF760FE3C
:1034B0007B680D4ADA670C4A7B689362002205211B
:1034C000252000F0C7FF252000F0DEFF00BF703789
:1034D000BD4680BD00380140001002400004004895
:1034E0008802002008000240E80200201C00024080
:1034F00080B58CB000AF78600023BB6200237B6294
:103500002C4B1B6E2B4A43F400631366294B1B6E36
:1035100003F40063BB60BB6807F10C0207F1100302
:103520001146184603F0DEFA03F0C6FAB862BB6A29
:10353000214AA2FB03239B0C013B7B621F4B204AC9
:103540001A601E4B40F2E732DA601C4A7B6A536015
:103550001A4B00221A61194B00229A60174803F097
:1035600029FD034687F82F3097F82F30002B1BD109
:10357000124803F081FD034687F82F3097F82F306B
:10358000002B11D1192000F07FFF7B680F2B08D88A
:1035900000227968192000F05DFF0A4A7B681360F9
:1035A00002E0012387F82F3097F82F301846303784
:1035B000BD4680BD0010024083DE1B435403002043
:1035C000002C01401800002080B400AF00BFFDE7D0
:1035D00080B400AF00BFFDE780B400AF00BFFDE7DF
:1035E00080B400AF00BFFDE780B400AF00BFFDE7CF
:1035F00080B400AF00BFBD465DF8047B704700009B
:1036000080B500AF024801F030F900BF80BD00BFB7
:103610008802002080B500AF024801F026F900BF03
:1036200080BD00BFE802002080B500AF024803F073
:103630008DFD00BF80BD00BF5403002080B500AFEA
:10364000024804F0ADF800BF80BD00BFF4010020C7
:1036500080B586B000AF7860144A154BD31A7B61F1
:103660007B693B61134B1B68002B02D1114B124A43
:103670001A60104B1A687B6813443A699A4207D261
:1036800007F04CF803460C221A604FF0FF3309E0B4
:10369000084B1B68FB60074B1A687B681344054A9C
:1036A0001360FB6818461837BD4680BD00800020B7
:1036B00000040000A0030020703F002080B400AF91
:1036C000064BD3F88830054A43F47003C2F88830BB
:1036D00000BFBD465DF8047B704700BF00ED00E011
:1036E00080B586B000AF786006F09EF80346FB60B8
:1036F000FFF702FB4448FEF7D1FE444B00221A704C
:1037000000237B616DE07A691346DB009B1ADB00C6
:103710003D4A13441846FEF761FF0346FB7497F9D0
:103720001330002B0CDA01227B6902FA03F35AB240
:10373000364B1B785BB213435BB2DAB2334B1A7071
:1037400097F91330002B49D17B69012B23DC2E49DB
:103750007A691346DB009B1ADB000B442C3393ED94
:10376000007A2B4BD3ED087A77EE677AB0EE670AD2
:10377000002000F053F824497A691346DB009B1AB5
:10378000DB000B443033D3ED007AB0EE670A012042
:1037900000F044F822E01C497A691346DB009B1ACA
:1037A000DB000B442C3393ED007A194BD3ED087AF0
:1037B00077EE677AB0EE670A022000F02FF8124920
:1037C0007A691346DB009B1ADB000B443033D3EDE0
:1037D000007AB0EE670A032000F020F87B6901331D
:1037E0007B617B69032B8EDD084B1A78094B1A71BC
:1037F00007F10C031421184605F062FE012106486A
:1038000001F096FD79E700BFA403002084040020A6
:10381000A80A00208804002000040048B0B485B045
:1038200000AF034687ED000AFB71FB79062B4ED8EB
:103830003123FB7217E0F879FB7A5A1EF979FB7A8B
:10384000254C322505FB00F0024492002244126808
:103850002148322404FB01F10B449B0003441A600D
:10386000FB7A013BFB72FB7A002BE4D1FB791A4A0D
:10387000C82101FB03F313443A681A604FF00003B8
:10388000FB600023BB7213E0FA79BB7A1249322045
:1038900000FB02F213449B000B44D3ED007A97ED3A
:1038A000037A77EE277AC7ED037ABB7A0133BB72CE
:1038B000BB7A312BE8D9FB7997ED037ADFED076A04
:1038C000C7EE267A064A9B001344C3ED007A00BF78
:1038D0001437BD46B0BC7047E404002000004842E5
:1038E000C804002080B584B000AFF860C7E90023A9
:1038F00001F076F9D7E90023F968002001F004F916
:1039000001F090F900BF1037BD4680BD80B483B090
:1039100000AF78607B681B7818460C37BD465DF8B1
:10392000047B704780B588B000AF786001F058F92B
:1039300000233B617B6803F17843DB0ABB61012311
:10394000FB6107F10C0207F110031146184601F064
:1039500031FA01F067F900BF2037BD4680BD000095
:103960002DE9B04386B000AF78600B467B80002322
:10397000FB757B681B68454A934240F08280444B4C
:103980001B784C2B38D1424B5B78472B34D16422C7
:103990003F49404806F0F6FE0023FB7502233B61D9
:1039A00009E03B4A3B6913441A78FB7D5340FB75A1
:1039B0003B6901333B613B694A2BF2D9FB7D002B0C
:1039C00051D1354B93ED0B7AD7ED027ADFED336AA7
:1039D00067EEA67A77EE677A314BC3ED087A314805
:1039E000FFF7A0FF2E4BDA179846914642464B460A
:1039F0002C48FFF777FF36E0254B1B784C2B33D153
:103A0000234B5B78482B2FD164222149214806F0B3
:103A1000B9FE0023FB750223FB6009E01C4AFB682A
:103A200013441A78FB7D5340FB75FB680133FB6040
:103A3000FB684A2BF2D9FB7D002B15D11A49184897
:103A400006F098FE134BD3F82330BB601548FFF700
:103A500069FF134BDA171C46154622462B461148C0
:103A6000FFF740FF00E000BF642209490F4805F05E
:103A70003EFA0F4B1B681A680D4B1B6822F00402BC
:103A80001A6000BF1837BD46BDE8B083003801405A
:103A9000CC0A00205C0A0020A40300200000C842D9
:103AA000A80A002000F801085F0A0020F4010020A5
:103AB00088020020B0B586B000AF786005F0B4FE93
:103AC0000346FB6064237B61242006F0FBFC034675
:103AD0003B6164221249134805F009FA124B1B6836
:103AE0001A68114B1B6822F004021A600F4B104A2F
:103AF0001A621048FFF70AFF03463B610B4A3B6915
:103B000014461D460FCD0FC40FCD0FC42B68236084
:103B100007F10C037969184605F0D2FCF8E700BFFD
:103B2000CC0A0020F401002088020020A80A00200E
:103B30000000964200F80108B0B58EB000AF87EDE6
:103B4000010A7868FCF7D0FC63A3D3E90023FCF7F3
:103B50004DFE02460B46C7E90A23D7E90A01FCF7E6
:103B6000CBFF0346DFED560A00EE103A06F08EFE5C
:103B700010EE103A1846FCF7B7FC02460B46C7E9B0
:103B80000823D7E908234FF000004E49FCF74CFB0F
:103B900002460B46144623F000453FA3D3E9002319
:103BA00020462946FCF7F8FC02460B46C7E90C23E1
:103BB0003BA3D3E90023D7E90C01FCF75FFF0346E1
:103BC000002B25D038A3D3E90023D7E90C01FCF75B
:103BD000E3FC02460B46C7E90C23D7E90C2330A1CE
:103BE000D1E90001FCF720FB02460B4610461946BE
:103BF0002FA3D3E90023FCF7CFFC02460B46D7E9FD
:103C00000C01FCF713FB02460B46C7E90C230AE044
:103C100029A3D3E90023D7E90C01FCF7BDFC024638
:103C20000B46C7E90C23284B5B681846FCF75CFC85
:103C30004FF00002254BFCF7F7FA02460B46C7E9A6
:103C40000623234BD3E90001D7E90623FCF7A4FCA4
:103C500002460B46104619461E4BD3E90023FCF7DB
:103C6000E5FA02460B46C7E90423D7E90423D7E95E
:103C70000C01FCF7D9FA02460B46C7E90223D7E943
:103C8000022343EC172BB0EE470AF0EE670A3837F1
:103C9000BD46B0BDAFF30080FFFFFFFF7FA2E54050
:103CA000000000000088B3403AC956975302F03F25
:103CB0002D431CEBE2362A3FA852B3075A01F03FCE
:103CC00035D2423E0000F03FC804002000003840DA
:103CD00010000020580C002000000000D0BCF8406C
:103CE00080B58EB000AF87ED010AC7ED000A97EDF1
:103CF000007AD7ED017A77EE677A17EE900AFCF733
:103D0000F3FB02460B46C7E90C234FF00002584B69
:103D1000D7E90C01FCF740FC02460B46C7E90C232F
:103D2000D7E90C0102460B46FCF780FA02460B4627
:103D30001046194644A3D3E90023FCF757FD024679
:103D40000B461146B96223F00043FB6297ED0A0B64
:103D500006F070FD87ED080B3DA3D3E90023D7E9FA
:103D60000801FCF78BFE0346002B2AD03AA3D3E9C7
:103D70000023D7E90801FCF70FFC02460B46C7E910
:103D80000823D7E9082332A1D1E90001FCF74CFA56
:103D900002460B461046194631A3D3E90023FCF72F
:103DA000FBFB02460B46D7E90801FCF73FFA024647
:103DB0000B46C7E90823D7E90801FCF79DFE034637
:103DC0003BE029A3D3E90023D7E90801FCF7E4FB92
:103DD00002460B46C7E90823264B5B681846FCF7EA
:103DE00083FB4FF00002244BFCF71EFA02460B4601
:103DF000C7E90623214BD3E90001D7E90623FCF7E5
:103E0000CBFB02460B46104619461D4BD3E9002357
:103E1000FCF70CFA02460B46C7E90423D7E9042352
:103E2000D7E90801FCF700FA02460B46C7E902236E
:103E3000D7E90201FCF760FE034607EE903AB0EEC8
:103E4000670A3837BD4680BDCDCCCCCCCC54594068
:103E500000000000006078407089ADBDA771F03FA0
:103E6000C7BAB88D06F0663F0196DD9B3143F03F3F
:103E700000408F40C804002000003840100000209F
:103E8000580C002080B485B000AF87ED010A0B23E9
:103E9000FB720DE0FB7A5A1EFB7A1C4992000A4421
:103EA00012681A499B000B441A60FB7A013BFB72B3
:103EB000FB7A002BEED1154A7B6813604FF00003AC
:103EC000FB600023BB720EE0BB7A104A9B001344D8
:103ED000D3ED007A97ED037A77EE277AC7ED037A70
:103EE000BB7A0133BB72BB7A0B2BEDD9D7ED037ACA
:103EF000B2EE087AC7EE876AF0EE667AB0EE670A2D
:103F00001437BD465DF8047B704700BF600C00208D
:103F100080B485B000AF87ED010A0B23FB720DE082
:103F2000FB7A5A1EFB7A1C4992000A4412681A490D
:103F30009B000B441A60FB7A013BFB72FB7A002B5F
:103F4000EED1154A7B6813604FF00003FB6000233D
:103F5000BB720EE0BB7A104A9B001344D3ED007A8B
:103F600097ED037A77EE277AC7ED037ABB7A0133B0
:103F7000BB72BB7A0B2BEDD9D7ED037AB2EE087A80
:103F8000C7EE876AF0EE667AB0EE670A1437BD4670
:103F90005DF8047B704700BF900C0020000000001B
:103FA000B0B582B000AF0023FB71754B41221A708F
:103FB000734B4F225A70724B9B780133DAB2704BBD
:103FC0009A70704B1A786E4BDA706F4BD3ED007AA3
:103FD000B0EE670AFFF7B0FD53EC102B1046194600
:103FE000FCF78AFD034600EE103AFFF74BFFF0EEB8
:103FF000407A634BC3ED017A634BD3ED007A624B99
:1040000093ED027AF0EE470AB0EE670AFFF768FE1A
:10401000F0EE407A5A4BC3ED027A00F035F90246D1
:104020005A4B1B68D31A5A4A136000F02DF9034605
:10403000564A1360524B93ED017A564BD3ED007AFA
:1040400077EE677A17EE900AFCF74EFA04460D46B3
:104050004F4B1B681846FCF725FA4FF000024E4BF9
:10406000FCF7C4FB02460B4620462946FCF7BEFB84
:1040700002460B46104619463FA3D3E90023FCF73E
:104080008BFA02460B4610461946FCF735FD0346EF
:10409000424A13603A4B5B683E4A13603F4BD3ED94
:1040A000007AB0EE670AFFF733FFB0EE407A384B84
:1040B0001B6807EE903AF8EE677AF0EE670AB0EE0A
:1040C000470AFEF7DBFDF0EE407A2D4BC3ED037A95
:1040D0002D4BD3ED027A9FED327A67EE877AFCEEB4
:1040E000E77A17EE902A264B1A61274BD3ED007A18
:1040F0009FED2B7A67EE877AFCEEE77A17EE902A2F
:104100001F4B5A61204B5B681D4AD3611E4BDB6815
:104110001B4A9361234A1A4B14461D460FCD0FC408
:104120000FCD0FC42B682370154B002283F820207D
:104130000223FB710DE0124B93F82020FB79194903
:10414000CB5C5340DAB20E4B83F82020FB7901336D
:10415000FB71FB791F2BEED9094B93F82020114BF3
:1041600083F820204FF480720E490F4803F098FA2C
:1041700000BF0837BD46B0BDCDCCCCCCCCCC0C40BC
:10418000300C002084040020C8040020C80C00204B
:10419000CC0C0020C00C002000408F40C40C00203C
:1041A0000000C842300B0020F401002080B584B02C
:1041B00000AF786005F038FB0346BB600A23FB6064
:1041C0004FF47A7005F0FCF9FEF74EFDFFF7E8FEBC
:1041D00007F10803F968184605F072F900BFF5E722
:1041E0000D488546FFF76AFA0C480D490D4A002331
:1041F00002E0D458C4500433C4188C42F9D30A4A9C
:104200000A4C002301E013600432A242FBD306F003
:104210008BFAFEF7CDFDFEE70080002000000020B5
:1042200094000020C0B2000898000020703F0020D9
:10423000FEE780B582B000AF0023FB71032000F0E1
:10424000FEF80F20FFF754F90346002B02D001239C
:10425000FB7101E0FEF792FFFB7918460837BD4677
:1042600080BD000080B400AF054B1A68054B1B6889
:104270001344034A136000BFBD465DF8047B7047DA
:10428000D00C00201C00002080B400AF034B1B6842
:104290001846BD465DF8047B704700BFD00C002077
:1042A00080B584B000AF7860FFF7EEFFB8607B6840
:1042B000FB60FB68B3F1FF3F04D0094B1B68FA6851
:1042C0001344FB6000BFFFF7DFFF0246BB68D31A51
:1042D000FA689A42F7D800BF00BF1037BD4680BDCC
:1042E0001C00002080B485B000AF78607B6803F0CC
:1042F0000703FB600C4BDB68BB60BA684FF6FF033B
:104300001340BB60FB681A02BB68134343F0BF63F2
:1043100043F40033BB60044ABB68D36000BF14376A
:10432000BD465DF8047B704700ED00E080B400AF4F
:10433000044BDB681B0A03F007031846BD465DF813
:10434000047B704700ED00E080B483B000AF03460B
:10435000FB7197F90730002B0BDBFB7903F01F0291
:10436000074997F907305B09012000FA02F241F88A
:10437000232000BF0C37BD465DF8047B704700BFAB
:1043800000E100E080B483B000AF03463960FB7108
:1043900097F90730002B0ADB3B68DAB20C4997F932
:1043A00007301201D2B20B4483F800230AE03B68C5
:1043B000DAB20849FB7903F00F03043B1201D2B2D1
:1043C0000B441A7600BF0C37BD465DF8047B70477E
:1043D00000E100E000ED00E080B489B000AFF860DB
:1043E000B9607A60FB6803F00703FB61FB69C3F106
:1043F0000703042B28BF0423BB61FB690433062B8E
:1044000002D9FB69033B00E000237B614FF0FF32E0
:10441000BB6902FA03F3DA43BB681A407B699A402E
:104420004FF0FF317B6901FA03F3D9437B680B40FE
:10443000134318462437BD465DF8047B704780B5AA
:1044400082B000AF78607868FFF74CFF00BF083794
:10445000BD4680BD80B586B000AF0346B9607A60C6
:10446000FB73FFF763FF78617A68B9687869FFF7D3
:10447000B3FF024697F90F3011461846FFF782FF47
:1044800000BF1837BD4680BD80B582B000AF03467F
:10449000FB7197F907301846FFF756FF00BF083742
:1044A000BD4680BD80B584B000AF78607B68002BCE
:1044B00001D101238DE07B681B681A46474B9A4265
:1044C0000FD87B681B681A46454B1344454AA2FB2C
:1044D00003231B099A007B685A647B68424A1A646A
:1044E0000EE07B681B681A46404B13443D4AA2FB12
:1044F00003231B099A007B685A647B683C4A1A6450
:104500007B68022283F825207B681B681B68FB60A0
:10451000FB6823F4FF4323F07003FB607B689A6819
:104520007B68DB681A437B681B691A437B685B699D
:104530001A437B689B691A437B68DB691A437B6873
:104540001B6A1343FA681343FB607B681B68FA68B5
:104550001A60786800F076FA7B689B68B3F5804F44
:1045600002D17B6800225A607B685A687B689B6C2A
:10457000D2B21A607B68DB6C7A68126D5A607B6815
:104580005B68002B10D07B685B68042B0CD87868C4
:1045900000F096FA7B685B6D00221A607B689B6D69
:1045A0007A68D26D5A6008E07B6800225A657B68A1
:1045B00000229A657B680022DA657B680022DA6354
:1045C0007B68012283F825207B68002283F8242061
:1045D000002318461037BD4680BD00BF07040240C7
:1045E000F8FFFDBFCDCCCCCC00000240F8FBFDBFF6
:1045F0000004024080B586B000AFF860B9607A6010
:104600003B600023FB75FB6893F82430012B01D13C
:10461000022366E0FB68012283F82420FB6893F8FC
:104620002530DBB2012B55D1FB68022283F825200F
:10463000FB680022DA63FB681B681A68FB681B686A
:1046400022F001021A603B687A68B968F86800F0E5
:10465000BBF9FB681B6B002B08D0FB681B681A6852
:10466000FB681B6842F00E021A600FE0FB681B68D3
:104670001A68FB681B6822F004021A60FB681B685A
:104680001A68FB681B6842F00A021A60FB689B6CA0
:104690001B6803F48033002B07D0FB689B6C1A68FF
:1046A000FB689B6C42F480721A60FB685B6D002BA8
:1046B00007D0FB685B6D1A68FB685B6D42F4807223
:1046C0001A60FB681B681A68FB681B6842F00102ED
:1046D0001A6005E0FB68002283F824200223FB75A2
:1046E000FB7D18461837BD4680BD80B485B000AF4D
:1046F00078600023FB737B6893F82530DBB2022BD4
:1047000005D07B680422DA630123FB7337E07B6802
:104710001B681A687B681B6822F00E021A607B68AF
:104720009B6C1A687B689B6C22F480721A607B68B1
:104730001B681A687B681B6822F001021A607B689C
:104740005B6C03F01F027B681B6C012101FA02F213
:104750005A607B68DB6C7A68126D5A607B685B6DAF
:10476000002B0CD07B685B6D1A687B685B6D22F454
:1047700080721A607B689B6D7A68D26D5A607B6824
:10478000012283F825207B68002283F82420FB7B0C
:1047900018461437BD465DF8047B704780B584B079
:1047A00000AF78600023FB737B6893F82530DBB2A1
:1047B000022B0DD07B680422DA637B68012283F828
:1047C00025207B68002283F824200123FB7347E027
:1047D0007B681B681A687B681B6822F00E021A60EF
:1047E0007B681B681A687B681B6822F001021A60EC
:1047F0007B689B6C1A687B689B6C22F480721A60E1
:104800007B685B6C03F01F027B681B6C012101FA63
:1048100002F25A607B68DB6C7A68126D5A607B68C2
:104820005B6D002B0CD07B685B6D1A687B685B6DE1
:1048300022F480721A607B689B6D7A68D26D5A6030
:104840007B68012283F825207B68002283F82420DE
:104850007B689B6B002B03D07B689B6B78689847C9
:10486000FB7B18461037BD4680BD80B584B000AFD5
:1048700078607B681B6C1B68FB607B681B681B682F
:10488000BB607B685B6C03F01F0304229A40FB68EB
:104890001340002B26D0BB6803F00403002B21D06B
:1048A0007B681B681B6803F02003002B07D17B6823
:1048B0001B681A687B681B6822F004021A607B6818
:1048C0005B6C03F01F027B681B6C042101FA02F28F
:1048D0005A607B681B6B002B71D07B681B6B786800
:1048E00098476CE07B685B6C03F01F0302229A40E0
:1048F000FB681340002B2ED0BB6803F00203002B93
:1049000029D07B681B681B6803F02003002B0BD1A8
:104910007B681B681A687B681B6822F00A021A60B1
:104920007B68012283F825207B685B6C03F01F0203
:104930007B681B6C022101FA02F25A607B6800223C
:1049400083F824207B68DB6A002B38D07B68DB6A25
:104950007868984733E07B685B6C03F01F0308229C
:104960009A40FB681340002B2AD0BB6803F0080371
:10497000002B25D07B681B681A687B681B6822F0B7
:104980000E021A607B685B6C03F01F027B681B6C75
:10499000012101FA02F25A607B680122DA637B6826
:1049A000012283F825207B68002283F824207B687D
:1049B0005B6B002B04D07B685B6B7868984700BF0B
:1049C00000BF1037BD4680BD80B485B000AFF86031
:1049D000B9607A603B60FB68DB6CFA68126D5A6004
:1049E000FB685B6D002B04D0FB689B6DFA68D26D91
:1049F0005A60FB685B6C03F01F02FB681B6C0121B3
:104A000001FA02F25A60FB681B683A685A60FB6858
:104A10009B68102B08D1FB681B687A689A60FB685A
:104A20001B68BA68DA6007E0FB681B68BA689A60BE
:104A3000FB681B687A68DA6000BF1437BD465DF812
:104A4000047B704780B487B000AF78607B681B68D8
:104A50001A46164B9A4202D8154B7B6101E0154B62
:104A60007B617B693B617B681B68DBB2083B124A58
:104A7000A2FB03231B09FB607B685B6C9B089A000D
:104A80003B6913441A467B689A647B680B4ADA6474
:104A9000FB6803F01F0301229A407B681A6500BF80
:104AA0001C37BD465DF8047B704700BF0704024019
:104AB0000008024020080240CDCCCCCC8008024047
:104AC00080B485B000AF78607B685B68DBB2FB6068
:104AD000FA680B4B13449B001A467B685A657B6847
:104AE000084A9A65FB68013B03F01F0301229A40C4
:104AF0007B68DA6500BF1437BD465DF8047B7047FC
:104B00003F8200104009024080B586B000AFF860D7
:104B1000B960C7E9002300233B612F4B1B78012BB1
:104B200001D1022353E02C4B01221A704FF47A700A
:104B300000F092F80346FB75FB7D002B43D1264B1A
:104B400000225A60254B1B6803F48063002B09D0B8
:104B5000224B1B68214A23F4806313601E4B022200
:104B60001A7702E01C4B00221A77FB68002B07D152
:104B7000D7E90023B86800F0C1F801233B6110E0D9
:104B8000FB68012B02D0FB68022B0AD13B68194657
:104B9000B86800F0D9F8FB68022B02D14FF48023EB
:104BA0003B614FF47A7000F057F80346FB753B69A0
:104BB000002B06D0094B5A693B69DB430749134078
:104BC0004B6100F0D1F9044B00221A70FB7D1846AE
:104BD0001837BD4680BD00BF2000002000200240E5
:104BE00080B483B000AF0023FB710B4B5B69002BDB
:104BF0000BDA094B094A9A60074B094A9A60064B3F
:104C00005B69002B01DA0123FB71FB7918460C3735
:104C1000BD465DF8047B70470020024023016745D4
:104C2000AB89EFCD80B483B000AF0123FB71094B9A
:104C30005B69084A43F000435361064B5B69002BF4
:104C400001DA0023FB71FB7918460C37BD465DF88D
:104C5000047B70470020024080B584B000AF7860CC
:104C6000FFF712FBF86009E0FFF70EFB0246FB6856
:104C7000D31A7A689A4201D2032337E01D4B1B698D
:104C800003F48033B3F5803FEED01A4B1A694CF22F
:104C9000FA331340BB60BB68002B1DD0164B5A681B
:104CA000BB681343144A5360BB68B3F1804F07D30A
:104CB000104B9A69BB6803F040430E4913438B6164
:104CC000BB6823F04043002B04D00A4ABB6823F0A2
:104CD00040431361012309E0064B1B6903F0010304
:104CE000012B02D1034B01221A6100231846103711
:104CF000BD4680BD002002402000002080B485B069
:104D000000AFF860C7E900230E4B5B690D4A43F022
:104D100001035361FB683A681A60BFF36F8F00BFED
:104D2000D7E900014FF000024FF000030A00002312
:104D3000F968043113460B6000BF1437BD465DF8B7
:104D4000047B70470020024080B489B000AF7860D7
:104D500039604023FB777B68BB613B687B61144B08
:104D60005B69134A43F480235361EFF31083FB60C4
:104D7000FB683B6172B600BF7B691A68BB691A6049
:104D8000BB690433BB617B6904337B61FB7F013BFF
:104D9000FB77FB7F002BEFD13B69BB60BB6883F3E4
:104DA000108800BF00BF2437BD465DF8047B704704
:104DB0000020024080B584B000AF78603960474B76
:104DC0001B78012B01D1022383E0444B01221A708E
:104DD0004FF47A70FFF740FF0346FB73FB7B002B19
:104DE00073D13E4B00225A603D4B1B6803F40073A5
:104DF000002B13D03A4B1B6803F48063002B09D0BF
:104E0000374B1B68364A23F480631360334B03220D
:104E10001A7716E0314B01221A7712E0304B1B68EB
:104E200003F48063002B09D02D4B1B682C4A23F41C
:104E300080631360294B02221A7702E0274B00227D
:104E40001A777B681B68012B11D17B685B68184659
:104E500000F048F84FF47A70FFF7FEFE0346FB734C
:104E60001F4B5B691E4A23F0040353612BE03B6830
:104E70004FF0FF321A607B689B68BB601BE07B6869
:104E80005B681946B86800F04BF84FF47A70FFF78A
:104E9000E3FE0346FB73124B5B69114A23F4FD7377
:104EA0005361FB7B002B03D03B68BA681A600AE0B1
:104EB000BB680133BB607B689A687B68DB6813441E
:104EC000BA689A42DBD300F04FF8044B00221A7004
:104ED000FB7B18461037BD4680BD00BF2000002078
:104EE0000020024080B483B000AF78607B6803F09C
:104EF0000103002B05D0094B5B69084A43F004030A
:104F00005361064B5B69054A43F48033536100BF2C
:104F10000C37BD465DF8047B704700BF002002409F
:104F200080B483B000AF786039600E4B5B6923F4C6
:104F3000FC727B68DB0003F4FF630A4913434B6197
:104F4000084B5B69074A43F002035361054B5B69F9
:104F5000044A43F48033536100BF0C37BD465DF80B
:104F6000047B70470020024080B483B000AF214B27
:104F70001B7FFB71FB79012B02D0FB79032B17D12F
:104F80001D4B1B681C4A23F4007313601A4B1B68EB
:104F9000194A43F400631360174B1B68164A23F445
:104FA00000631360144B1B68134A43F400731360CF
:104FB000FB79022B02D0FB79032B11D10E4B1B681E
:104FC0000D4A43F4805313600B4B1B680A4A23F4C9
:104FD00080531360084B1B68074A43F480631360D7
:104FE000044B00221A7700BF0C37BD465DF8047BE6
:104FF000704700BF200000200020024080B487B02E
:1050000000AF7860396000237B615AE13B681A6821
:1050100001217B6901FA03F31340FB60FB68002B5D
:1050200000F04C813B685B6803F00303012B05D063
:105030003B685B6803F00303022B30D17B689B68FD
:105040003B617B695B00032202FA03F3DB433A69AD
:1050500013403B613B68DA687B695B0002FA03F34B
:105060003A6913433B617B683A699A607B685B6885
:105070003B6101227B6902FA03F3DB433A69134087
:105080003B613B685B681B0903F001027B6902FA24
:1050900003F33A6913433B617B683A695A603B68A2
:1050A0005B6803F00303032B17D07B68DB683B616D
:1050B0007B695B00032202FA03F3DB433A69134086
:1050C0003B613B689A687B695B0002FA03F33A69CB
:1050D00013433B617B683A69DA603B685B6803F0C5
:1050E0000303022B23D17B69DA087B68083253F86B
:1050F00022303B617B6903F007039B000F2202FA19
:1051000003F3DB433A6913403B613B681A697B69EF
:1051100003F007039B0002FA03F33A6913433B6170
:105120007B69DA087B680832396943F822107B68AA
:105130001B683B617B695B00032202FA03F3DB43DC
:105140003A6913403B613B685B6803F003027B698B
:105150005B0002FA03F33A6913433B617B683A69E7
:105160001A603B685B6803F44033002B00F0A680B4
:105170005B4B1B6E5A4A43F001031366584B1B6E80
:1051800003F00103BB60BB68564A7B699B0802338E
:1051900052F823303B617B6903F003039B000F222D
:1051A00002FA03F3DB433A6913403B617B68B3F1D6
:1051B000904F1FD07B684C4A934219D07B684B4A72
:1051C000934213D07B684A4A93420DD07B68494A88
:1051D000934207D07B68484A934201D105230AE0F5
:1051E000062308E0042306E0032304E0022302E090
:1051F000012300E000237A6902F003029200934049
:105200003A6913433B6137497B699B0802333A692A
:1052100041F82320394B9B683B61FB68DB433A69CB
:1052200013403B613B685B6803F48013002B03D0A1
:105230003A69FB6813433B61304A3B6993602F4BEB
:10524000DB683B61FB68DB433A6913403B613B68C9
:105250005B6803F40013002B03D03A69FB68134327
:105260003B61264A3B69D360244B5B683B61FB682A
:10527000DB433A6913403B613B685B6803F40033EE
:10528000002B03D03A69FB6813433B611B4A3B691F
:1052900053601A4B1B683B61FB68DB433A69134060
:1052A0003B613B685B6803F48033002B03D03A69B1
:1052B000FB6813433B61114A3B6913607B6901330F
:1052C0007B613B681A687B6922FA03F3002B7FF449
:1052D0009DAE00BF00BF1C37BD465DF8047B704724
:1052E000001002400000014000040048000800488F
:1052F000000C004800100048001400480004014061
:1053000080B483B000AF78600B467B8013467B701F
:105310007B78002B03D07A887B689A6102E07A88D8
:105320007B689A6200BF0C37BD465DF8047B70470E
:1053300080B485B000AF78600B467B807B685B698A
:10534000FB607A88FB6813401A04FB68D9437B88AA
:105350000B401A437B689A6100BF1437BD465DF865
:10536000047B704780B582B000AF78607B68002B0B
:1053700001D101238DE07B6893F84130DBB2002B33
:1053800006D17B68002283F840207868FDF720FF73
:105390007B68242283F841207B681B681A687B683D
:1053A0001B6822F001021A607B685A687B681B68E0
:1053B00022F070621A617B681B689A687B681B68C0
:1053C00022F400429A607B68DB68012B07D17B687E
:1053D0009A687B681B6842F400429A6006E07B682A
:1053E0009A687B681B6842F404429A607B68DB68B9
:1053F000022B08D17B681B685A687B681B6842F4E3
:1054000000625A6007E07B681B685A687B681B680B
:1054100022F400625A607B681B685B687A681268D5
:1054200043F0007343F4004353607B681B68DA6801
:105430007B681B6822F40042DA607B681A697B682B
:105440005B6942EA03017B689B691A027B681B68FF
:105450000A43DA607B68D9697B681A6A7B681B68D3
:105460000A431A607B681B681A687B681B6842F0F5
:1054700001021A607B6800225A647B68202283F84C
:1054800041207B6800221A637B68002283F8422057
:10549000002318460837BD4680BD000080B588B09F
:1054A00002AFF860084611461A4603467B810B4658
:1054B0003B811346FB80FB6893F84130DBB2202B25
:1054C00040F0F9803B6A002B02D0BB8C002B05D149
:1054D000FB684FF400725A640123EDE0FB6893F817
:1054E0004030012B01D10223E6E0FB68012283F862
:1054F0004020FEF7C9FE78617B69009319230122E1
:105500004FF40041F86800F0C3FA0346002B01D0C5
:105510000123D1E0FB68212283F84120FB6840226F
:1055200083F84220FB6800225A64FB683A6A5A6298
:10553000FB68BA8C5A85FB6800225A63F8883A895E
:1055400079897B690193BB6A00930346F86800F090
:10555000D3F90346002B05D0FB68002283F84020D6
:105560000123A9E0FB685B8D9BB2FF2B0ED9FB6882
:10557000FF221A85FB681B8DDAB27989002300931C
:105580004FF08073F86800F047FC0FE0FB685B8D1C
:105590009AB2FB681A85FB681B8DDAB27989002301
:1055A00000934FF00073F86800F036FC7A69B96A2E
:1055B000F86800F0C6FA0346002B01D001237BE017
:1055C000FB685B6A1A78FB681B689A62FB685B6A17
:1055D0005A1CFB685A62FB685B8D9BB2013B9AB216
:1055E000FB685A85FB681B8D013B9AB2FB681A85E4
:1055F000FB685B8D9BB2002B34D0FB681B8D002BAE
:1056000030D17B690093BB6A00228021F86800F0EA
:105610003FFA0346002B01D001234DE0FB685B8D70
:105620009BB2FF2B0ED9FB68FF221A85FB681B8DEE
:10563000DAB27989002300934FF08073F86800F0A4
:10564000EBFB0FE0FB685B8D9AB2FB681A85FB6889
:105650001B8DDAB27989002300934FF00073F8684C
:1056600000F0DAFBFB685B8D9BB2002B9ED17A6960
:10567000B96AF86800F0ACFA0346002B01D00123A8
:105680001AE0FB681B682022DA61FB681B68596816
:10569000FB681A680A4B0B405360FB68202283F8B2
:1056A0004120FB68002283F84220FB68002283F837
:1056B0004020002300E0022318461837BD4680BD75
:1056C00000E800FE80B588B002AFF86008461146D9
:1056D0001A4603467B810B463B811346FB80FB68E1
:1056E00093F84130DBB2202B40F0FD803B6A002B69
:1056F00002D0BB8C002B05D1FB684FF400725A64BA
:105700000123F1E0FB6893F84030012B01D1022323
:10571000EAE0FB68012283F84020FEF7B5FD7861DE
:105720007B690093192301224FF40041F86800F0CF
:10573000AFF90346002B01D00123D5E0FB682222FC
:1057400083F84120FB68402283F84220FB68002256
:105750005A64FB683A6A5A62FB68BA8C5A85FB68DD
:1057600000225A63F8883A8979897B690193BB6A78
:1057700000930346F86800F013F90346002B05D0A8
:10578000FB68002283F840200123ADE0FB685B8DBD
:105790009BB2FF2B0ED9FB68FF221A85FB681B8D7D
:1057A000DAB27989524B00934FF08073F86800F0B9
:1057B00033FB0FE0FB685B8D9AB2FB681A85FB68D0
:1057C0001B8DDAB279894A4B00934FF00073F86869
:1057D00000F022FB7B690093BB6A00220421F86879
:1057E00000F056F90346002B01D001237CE0FB6852
:1057F0001B685A6AFB685B6AD2B21A70FB685B6A04
:105800005A1CFB685A62FB681B8D013B9AB2FB680D
:105810001A85FB685B8D9BB2013B9AB2FB685A8587
:10582000FB685B8D9BB2002B34D0FB681B8D002B7B
:1058300030D17B690093BB6A00228021F86800F0B8
:1058400027F90346002B01D001234DE0FB685B8D57
:105850009BB2FF2B0ED9FB68FF221A85FB681B8DBC
:10586000DAB27989002300934FF08073F86800F072
:10587000D3FA0FE0FB685B8D9AB2FB681A85FB6870
:105880001B8DDAB27989002300934FF00073F8681A
:1058900000F0C2FAFB685B8D9BB2002B9AD17A694B
:1058A000B96AF86800F094F90346002B01D001238F
:1058B0001AE0FB681B682022DA61FB681B685968E4
:1058C000FB681A680B4B0B405360FB68202283F87F
:1058D0004120FB68002283F84220FB68002283F805
:1058E0004020002300E0022318461837BD4680BD43
:1058F0000024008000E800FE80B586B002AFF860AA
:10590000084611461A4603467B810B463B811346E7
:10591000FB80FB88DAB27989204B00934FF08073CB
:10592000F86800F079FAFA69B969F86800F009F9DD
:105930000346002B01D001232CE0FB88012B05D16D
:105940003B89DAB2FB681B689A6215E03B891B0A47
:105950009BB2DAB2FB681B689A62FA69B969F868A7
:1059600000F0EFF80346002B01D0012312E03B8941
:10597000DAB2FB681B689A62FB690093BB6900227C
:105980008021F86800F084F80346002B01D0012341
:1059900000E0002318461037BD4680BD002000807F
:1059A00080B586B002AFF860084611461A46034635
:1059B0007B810B463B811346FB80FB88DAB27989F9
:1059C000204B00930023F86800F026FAFA69B969C1
:1059D000F86800F0B6F80346002B01D001232CE054
:1059E000FB88012B05D13B89DAB2FB681B689A6200
:1059F00015E03B891B0A9BB2DAB2FB681B689A620E
:105A0000FA69B969F86800F09CF80346002B01D0E8
:105A1000012312E03B89DAB2FB681B689A62FB69DA
:105A20000093BB6900224021F86800F031F803467A
:105A3000002B01D0012300E0002318461037BD469B
:105A400080BD00BF0020008080B483B000AF7860CC
:105A50007B681B689B6903F00203022B03D17B6800
:105A60001B6800229A627B681B689B6903F0010334
:105A7000012B07D07B681B689A697B681B6842F022
:105A800001029A6100BF0C37BD465DF8047B704788
:105A900080B584B000AFF860B9603B601346FB711D
:105AA0003BE0BA693968F86800F0D6F80346002B85
:105AB00001D0012341E03B68B3F1FF3F2DD0FEF759
:105AC000E3FB0246BB69D31A3A689A4202D33B68A9
:105AD000002B22D1FB681B689A69BB681340BA6827
:105AE0009A420CBF01230023DBB21A46FB799A428B
:105AF00013D1FB685B6C43F02002FB685A64FB68BF
:105B0000202283F84120FB68002283F84220FB68B2
:105B1000002283F8402001230FE0FB681B689A698C
:105B2000BB681340BA689A420CBF01230023DBB262
:105B30001A46FB799A42B4D0002318461037BD4666
:105B400080BD80B584B000AFF860B9607A6033E0A2
:105B50007A68B968F86800F07FF80346002B01D036
:105B6000012331E0BB68B3F1FF3F25D0FEF78CFB8A
:105B700002467B68D31ABA689A4202D3BB68002BEC
:105B80001AD1FB681B689B6903F00203022B13D038
:105B9000FB685B6C43F02002FB685A64FB682022C0
:105BA00083F84120FB68002283F84220FB68002232
:105BB00083F84020012307E0FB681B689B6903F022
:105BC0000203022BC4D1002318461037BD4680BD06
:105BD00080B584B000AFF860B9607A602FE07A6871
:105BE000B968F86800F038F80346002B01D00123AB
:105BF0002DE0FEF749FB02467B68D31ABA689A4249
:105C000002D3BB68002B1AD1FB681B689B6903F0A9
:105C10002003202B13D0FB685B6C43F02002FB6851
:105C20005A64FB68202283F84120FB68002283F835
:105C30004220FB68002283F84020012307E0FB6834
:105C40001B689B6903F02003202BC8D10023184652
:105C50001037BD4680BD000080B58AB000AFF86047
:105C6000B9607A60002387F82730FB681B689B695E
:105C7000BB6100233B627B68FB61BB6903F01003DF
:105C8000002B68D0FB681B681022DA6149E0BB6812
:105C9000B3F1FF3F45D0FEF7F7FA0246FB69D31A8E
:105CA000BA689A4202D3BB68002B3AD1FB681B68E2
:105CB0005B6803F480437B61FB6893F84230FB74BC
:105CC000FB681B689B6903F40043B3F5004F21D1C7
:105CD0007B69B3F5804F1DD0FB7C202B1AD0FB686D
:105CE0001B685A68FB681B6842F480425A60FEF7E2
:105CF000CBFAF8610EE0FEF7C7FA0246FB69D31A49
:105D0000192B07D93B6A43F020033B62012387F834
:105D1000273006E0FB681B689B6903F02003202BFB
:105D2000E9D1FB681B689B6903F02003202B03D09B
:105D300097F82730002BAAD097F82730002B03D1F3
:105D4000FB681B682022DA613B6A43F004033B6274
:105D5000012387F82730FB681B689B69BB61BB691F
:105D600003F48073002B0BD03B6A43F001033B62CA
:105D7000FB681B684FF48072DA61012387F82730D3
:105D8000BB6903F48063002B0BD03B6A43F008032C
:105D90003B62FB681B684FF48062DA61012387F87D
:105DA0002730BB6903F40073002B0BD03B6A43F030
:105DB00002033B62FB681B684FF40072DA61012347
:105DC00087F8273097F82730002B1CD0F868FFF7AA
:105DD0003BFEFB681B685968FB681A680D4B0B405B
:105DE0005360FB685A6C3B6A1A43FB685A64FB6851
:105DF000202283F84120FB68002283F84220FB68C0
:105E0000002283F8402097F8273018462837BD46EF
:105E100080BD00BF00E800FE80B487B000AFF8602E
:105E20007B600B467B8113467B727B89C3F309023F
:105E30007B7A1B0403F47F031A437B681A433B6A93
:105E4000134323F000437B61FB681B685A683B6A7D
:105E50005B0D03F48061084B0B43DB4302EA030153
:105E6000FB681B687A690A435A6000BF1C37BD464D
:105E70005DF8047B704700BFFF63FF0380B483B00D
:105E800000AF786039607B6893F84130DBB2202B3B
:105E900038D17B6893F84030012B01D1022332E0E6
:105EA0007B68012283F840207B68242283F841200C
:105EB0007B681B681A687B681B6822F001021A6005
:105EC0007B681B681A687B681B6822F480521A6022
:105ED0007B681B6819687B681B683A680A431A600C
:105EE0007B681B681A687B681B6842F001021A60B5
:105EF0007B68202283F841207B68002283F84020C1
:105F0000002300E0022318460C37BD465DF8047BF1
:105F1000704780B485B000AF786039607B6893F8D3
:105F20004130DBB2202B39D17B6893F84030012B14
:105F300001D1022333E07B68012283F840207B6893
:105F4000242283F841207B681B681A687B681B68E1
:105F500022F001021A607B681B681B68FB60FB680B
:105F600023F47063FB603B681B02FA681343FB6019
:105F70007B681B68FA681A607B681B681A687B6814
:105F80001B6842F001021A607B68202283F84120DE
:105F90007B68002283F84020002300E0022318469B
:105FA0001437BD465DF8047B7047000080B485B0AF
:105FB00000AF78607B68002B41D14B4B1B6803F42A
:105FC000C063B3F5806F31D1474BD3F88030464A78
:105FD00023F48073C2F88030434B1B6823F4C06302
:105FE000414A43F400731360404B1B68322202FBAA
:105FF00003F33F4AA2FB03239B0C0133FB6002E047
:10600000FB68013BFB60384B5B6903F48063B3F5CD
:10601000806F02D1FB68002BF2D1334B5B6903F434
:106020008063B3F5806F58D1032357E02E4BD3F82C
:1060300080302D4A23F48073C2F880304DE07B68B5
:10604000B3F5007F41D1284B1B6803F4C063B3F55F
:10605000806F31D1244BD3F88030234A43F48073CE
:10606000C2F88030204B1B6823F4C0631E4A43F4FF
:10607000007313601D4B1B68322202FB03F31C4AA2
:10608000A2FB03239B0C0133FB6002E0FB68013B96
:10609000FB60154B5B6903F48063B3F5806F02D13D
:1060A000FB68002BF2D1104B5B6903F48063B3F5FE
:1060B000806F12D1032311E00B4BD3F880300A4AD2
:1060C00043F48073C2F8803007E0074B1B6823F469
:1060D000C063054A43F480631360002318461437F5
:1060E000BD465DF8047B704700700040080000204A
:1060F00083DE1B4380B400AF054B9B68044A43F426
:106100008043936000BFBD465DF8047B704700BFCD
:106110000070004080B588B000AF78607B68002BCD
:1061200001D10123FEE27B681B6803F00103002B11
:1061300075D0974B9B6803F00C03BB61944BDB68F5
:1061400003F003037B61BB690C2B02D17B69032B3A
:1061500002D0BB69082B0BD18D4B1B6803F40033B5
:10616000002B5BD07B685B68002B57D10123D9E201
:106170007B685B68B3F5803F06D1854B1B68844A1A
:1061800043F4803313601DE07B685B68B3F5A02F98
:106190000CD17F4B1B687E4A43F4802313607C4BF9
:1061A0001B687B4A43F4803313600BE0784B1B6819
:1061B000774A23F480331360754B1B68744A23F4C9
:1061C000802313607B685B68002B13D0FEF75CF8BC
:1061D000386108E0FEF758F802463B69D31A642B91
:1061E00001D903239EE26A4B1B6803F40033002BA2
:1061F000F0D014E0FEF748F8386108E0FEF744F804
:1062000002463B69D31A642B01D903238AE2604B0F
:106210001B6803F40033002BF0D100E000BF7B6863
:106220001B6803F00203002B75D0594B9B6803F0E9
:106230000C03BB61564BDB6803F003037B61BB6956
:106240000C2B02D17B69022B02D0BB69042B1FD11E
:106250004F4B1B6803F48063002B05D07B68DB6821
:10626000002B01D101235DE2494B5B6823F0FE4224
:106270007B681B691B06464913434B60454B1B68F3
:106280001846FDF735F90346002B43D0012349E2B8
:106290007B68DB68002B23D03D4B1B683C4A43F4F2
:1062A00080731360FDF7F0FF386108E0FDF7ECFF45
:1062B00002463B69D31A022B01D9032332E2344B45
:1062C0001B6803F48063002BF0D0314B5B6823F034
:1062D000FE427B681B691B062D4913434B601AE085
:1062E0002B4B1B682A4A23F480731360FDF7CCFF05
:1062F000386108E0FDF7C8FF02463B69D31A022B5C
:1063000001D903230EE2224B1B6803F48063002BA8
:10631000F0D100E000BF7B681B6803F00803002B8E
:1063200041D07B685B69002B1CD0194BD3F89430AB
:10633000174A43F00103C2F89430FDF7A5FF386116
:1063400008E0FDF7A1FF02463B69D31A022B01D9F1
:106350000323E7E10E4BD3F8943003F00203002B44
:10636000EFD020E00A4BD3F89430094A23F0010320
:10637000C2F89430FDF788FF38610DE0FDF784FF27
:1063800002463B69D31A022B06D90323CAE100BF98
:1063900000100240180000208C4BD3F8943003F01A
:1063A0000203002BEAD17B681B6803F00403002B77
:1063B00000F0A6800023FB77844B9B6D03F0805395
:1063C000002B01D1012300E00023002B0DD07F4BD7
:1063D0009B6D7E4A43F0805393657C4B9B6D03F02D
:1063E0008053FB60FB680123FB77794B1B6803F448
:1063F0008073002B18D1764B1B68754A43F4807369
:106400001360FDF741FF386108E0FDF73DFF0246EC
:106410003B69D31A022B01D9032383E16C4B1B6820
:1064200003F48073002BF0D07B689B68012B08D1AC
:10643000664BD3F89030654A43F00103C2F89030C0
:1064400024E07B689B68052B10D1604BD3F890301B
:106450005E4A43F00403C2F890305C4BD3F89030AE
:106460005A4A43F00103C2F890300FE0574BD3F87B
:106470009030564A23F00103C2F89030534BD3F8C2
:106480009030524A23F00403C2F890307B689B6836
:10649000002B16D0FDF7F8FE38610AE0FDF7F4FE98
:1064A00002463B69D31A41F28832934201D9032351
:1064B00038E1464BD3F8903003F00203002BEDD0C7
:1064C00015E0FDF7E1FE38610AE0FDF7DDFE02466A
:1064D0003B69D31A41F28832934201D9032321E167
:1064E0003A4BD3F8903003F00203002BEDD1FB7F41
:1064F000012B05D1354B9B6D344A23F080539365B6
:106500007B681B6803F02003002B3CD07B689B69F1
:10651000002B1CD02D4BD3F898302C4A43F00103AC
:10652000C2F89830FDF7B0FE386108E0FDF7ACFE28
:1065300002463B69D31A022B01D90323F2E0234B15
:10654000D3F8983003F00203002BEFD01BE01F4B71
:10655000D3F898301D4A23F00103C2F89830FDF7B4
:1065600093FE386108E0FDF78FFE02463B69D31ABF
:10657000022B01D90323D5E0144BD3F8983003F054
:106580000203002BEFD17B68DB69002B00F0C98090
:106590000E4B9B6803F00C030C2B00F083807B6890
:1065A000DB69022B5ED1094B1B68084A23F080731C
:1065B0001360FDF769FE38610CE0FDF765FE0246E9
:1065C0003B69D31A022B05D90323ABE0001002402C
:1065D00000700040554B1B6803F00073002BECD19A
:1065E000524BDA68524B13407A68116A7A68526AE1
:1065F000013A120111437A68926A120211437A68D1
:10660000126B5208013A520511437A68526B5208D4
:10661000013A520611437A68D26AD2060A434349C4
:106620001343CB60414B1B68404A43F080731360B7
:106630003E4BDB683D4A43F08073D360FDF724FE98
:10664000386108E0FDF720FE02463B69D31A022BB1
:1066500001D9032366E0354B1B6803F00073002B60
:10666000F0D05EE0314B1B68304A23F0807313603A
:10667000FDF70AFE386108E0FDF706FE02463B69B9
:10668000D31A022B01D903234CE0284B1B6803F0DB
:106690000073002BF0D1254BDA682449254B1340B9
:1066A000CB603EE07B68DB69012B01D1012339E03F
:1066B0001E4BDB687B617B6903F003027B681B6A0E
:1066C0009A422CD17B6903F0F0027B685B6A013B44
:1066D0001B019A4223D17B6903F4FE427B689B6ACB
:1066E0001B029A421BD17B6903F078427B68DB6A0C
:1066F000DB069A4213D17B6903F4C0027B681B6BF3
:106700005B08013B5B059A4209D17B6903F0C062DB
:106710007B685B6B5B08013B5B069A4201D00123FF
:1067200000E0002318462037BD4680BD001002401F
:106730000C809F01FCFFEEFE80B586B000AF786054
:10674000396000237B617B68002B01D101231EE1AE
:10675000914B1B6803F00F033A689A4210D98E4B95
:106760001B6823F00F028C493B6813430B608A4B74
:106770001B6803F00F033A689A4201D0012306E137
:106780007B681B6803F00103002B73D07B685B6898
:10679000032B29D1814B1B6803F00073002B01D11F
:1067A0000123F4E000F0D0F938613B697C4A934260
:1067B0003FD97A4B9B6803F0F003002B09D07B682C
:1067C0001B6803F00203002B33D07B689B68002B0F
:1067D0002FD1724B9B6823F0F003704A43F0800383
:1067E000936080237B6124E07B685B68022B07D188
:1067F0006A4B1B6803F40033002B09D10123C6E068
:10680000664B1B6803F48063002B01D10123BEE0BB
:1068100000F0CEF838613B69614A934209D95F4B79
:106820009B6823F0F0035D4A43F08003936080236C
:106830007B615A4B9B6823F003027B685B68574976
:1068400013438B60FDF720FDF8600AE0FDF71CFDA7
:106850000246FB68D31A41F28832934201D90323DE
:1068600095E04E4B9B6803F00C027B685B689B00D5
:106870009A42EBD17B681B6803F00203002B23D004
:106880007B681B6803F00403002B05D0434B9B6817
:10689000424A43F4E06393607B681B6803F008039B
:1068A000002B07D03D4B9B6823F47C533B4A43F4B9
:1068B000E0639360394B9B6823F0F0027B689B6830
:1068C000364913438B6008E07B69802B05D1334B3D
:1068D0009B68324A23F0F00393602F4B1B6803F050
:1068E0000F033A689A421DD22B4B1B6823F00F020C
:1068F00029493B6813430B60FDF7C6FCF8600AE0CA
:10690000FDF7C2FC0246FB68D31A41F2883293427B
:1069100001D903233BE0204B1B6803F00F033A68C7
:106920009A42EDD17B681B6803F00403002B08D06A
:106930001A4B9B6823F4E0627B68DB6817491343BA
:106940008B607B681B6803F00803002B09D0134B96
:106950009B6823F460527B681B69DB000F4913437B
:106960008B6000F025F802460C4B9B681B0903F076
:106970000F030C49CB5C03F01F0322FA03F30A4A0E
:1069800013600A4B1B681846FCF7B2FD0346184615
:106990001837BD4680BD00BF0020024000100240F5
:1069A00000B4C40448B20008080000201800002009
:1069B00080B487B000AF2C4B9B6803F00C03042B12
:1069C00002D12A4B3B6147E0274B9B6803F00C0345
:1069D000082B02D1264B3B613EE0234B9B6803F022
:1069E0000C030C2B36D1204BDB6803F00303FB6058
:1069F0001D4BDB681B0903F00F030133BB60FB6811
:106A0000032B0CD11A4ABB68B2FBF3F3164AD268C7
:106A1000120A02F07F0202FB03F37B610CE0134ACF
:106A2000BB68B2FBF3F3104AD268120A02F07F028D
:106A300002FB03F37B6100BF0B4BDB685B0E03F0D3
:106A4000030301335B007B607A697B68B2FBF3F37D
:106A50003B6101E000233B613B6918461C37BD46A2
:106A60005DF8047B704700BF001002400024F40072
:106A700000127A0080B400AF034B1B681846BD4675
:106A80005DF8047B704700BF0800002080B500AFB0
:106A9000FFF7F0FF0246064B9B681B0A03F0070353
:106AA0000449CB5C03F01F0322FA03F3184680BDB0
:106AB0000010024058B2000880B500AFFFF7DAFFBF
:106AC0000246064B9B68DB0A03F007030449CB5CD4
:106AD00003F01F0322FA03F3184680BD00100240A2
:106AE00058B2000880B483B000AF786039607B682A
:106AF0000F221A60124B9B6803F003027B685A60F6
:106B00000F4B9B6803F0F0027B689A600C4B9B680C
:106B100003F4E0627B68DA60094B9B68DB0803F4EE
:106B2000E0627B681A61074B1B6803F00F023B6849
:106B30001A6000BF0C37BD465DF8047B704700BF8C
:106B4000001002400020024080B487B000AF1E4B0E
:106B5000DB6803F003033B611B4BDB681B0903F09D
:106B60000F030133FB603B69032B0CD1174AFB6811
:106B7000B2FBF3F3144AD268120A02F07F0202FB5E
:106B800003F37B610CE0124AFB68B2FBF3F30E4A9D
:106B9000D268120A02F07F0202FB03F37B6100BF9E
:106BA000094BDB685B0E03F0030301335B00BB6042
:106BB0007A69BB68B2FBF3F37B607B6818461C37CD
:106BC000BD465DF8047B70470010024000127A0059
:106BD0000024F40080B586B000AF78600023FB7419
:106BE0000023BB747B681B6803F40023002B00F0B8
:106BF000988000237B74434B9B6D03F08053002BE4
:106C00000DD1404B9B6D3F4A43F0805393653D4B04
:106C10009B6D03F08053BB60BB6801237B743A4BD0
:106C20001B68394A43F480731360FDF72DFBF8604D
:106C300009E0FDF729FB0246FB68D31A022B02D9B3
:106C40000323FB7405E0304B1B6803F48073002BB7
:106C5000EFD0FB7C002B59D12A4BD3F8903003F4B2
:106C600040737B617B69002B1ED07B681B6C7A694B
:106C70009A4219D0234BD3F8903023F440737B61B0
:106C8000204BD3F890301F4A43F48033C2F8903041
:106C90001C4BD3F890301B4A23F48033C2F8903059
:106CA000184A7B69C2F890307B6903F00103002B1E
:106CB00016D0FDF7E9FAF8600BE0FDF7E5FA0246B9
:106CC000FB68D31A41F28832934202D90323FB7442
:106CD00006E00C4BD3F8903003F00203002BECD00D
:106CE000FB7C002B0BD1074BD3F8903023F4407280
:106CF0007B681B6C03491343C1F8903008E0FB7CB0
:106D0000BB7405E00010024000700040FB7CBB74C7
:106D10007B7C012B05D1A64B9B6DA54A23F08053AC
:106D200093657B681B6803F00103002B0AD0A04B1E
:106D3000D3F8883023F003027B685B689C491343D7
:106D4000C1F888307B681B6803F00203002B0AD06F
:106D5000974BD3F8883023F00C027B689B689449EA
:106D60001343C1F888307B681B6803F00403002BD1
:106D70000AD08F4BD3F8883023F030027B68DB6871
:106D80008B491343C1F888307B681B6803F0080304
:106D9000002B0AD0864BD3F8883023F0C0027B68E2
:106DA0001B6983491343C1F888307B681B6803F073
:106DB0002003002B0AD07E4BD3F8883023F44062A6
:106DC0007B685B697A491343C1F888307B681B682C
:106DD00003F04003002B0AD0754BD3F8883023F41E
:106DE00040527B689B6972491343C1F888307B68C5
:106DF0001B6803F08003002B0AD06D4BD3F888305A
:106E000023F440427B68DB6969491343C1F8883049
:106E10007B681B6803F48073002B0AD0644BD3F8A3
:106E2000883023F440327B681B6A61491343C1F800
:106E300088307B681B6803F40073002B0AD05C4B1E
:106E4000D3F8883023F440227B685B6A58491343A7
:106E5000C1F888307B681B6803F48063002B15D071
:106E6000534BD3F8883023F440127B689B6A504917
:106E70001343C1F888307B689B6AB3F5801F05D146
:106E80004B4BDB684A4A43F48013D3607B681B6832
:106E900003F40063002B15D0454BD3F8883023F45E
:106EA00040027B68DB6A42491343C1F888307B6843
:106EB000DB6AB3F5800F05D13D4BDB683C4A43F4F8
:106EC0008013D3607B681B6803F48053002B15D0BC
:106ED000374BD3F8883023F040727B681B6B344902
:106EE0001343C1F888307B681B6BB3F1807F05D1F9
:106EF0002F4BDB682E4A43F48013D3607B681B68FA
:106F000003F40053002B15D0294BD3F8883023F01D
:106F100040627B685B6B26491343C1F888307B680D
:106F20005B6BB3F1006F05D1214BDB68204A43F462
:106F30008013D3607B681B6803F48043002B15D05B
:106F40001B4BD3F8883023F040627B689B6B184959
:106F50001343C1F888307B689B6BB3F1006F05D198
:106F6000134BDB68124A43F48013D3607B681B68C1
:106F700003F40043002B15D00D4BD3F8883023F0D9
:106F800040527B68DB6B0A491343C1F888307B6849
:106F9000DB6BB3F1805F05D1054BDB68044A43F43A
:106FA0008033D360BB7C18461837BD4680BD00BF18
:106FB0000010024080B582B000AF78607B68002B83
:106FC00001D1012349E07B6893F83D30DBB2002B0F
:106FD00006D17B68002283F83C20786800F041F8F5
:106FE0007B68022283F83D207B681A687B68043343
:106FF0001946104600F022FA7B68012283F84820E7
:107000007B68012283F83E207B68012283F83F20C1
:107010007B68012283F840207B68012283F84120AD
:107020007B68012283F842207B68012283F8432099
:107030007B68012283F844207B68012283F8452085
:107040007B68012283F846207B68012283F8472071
:107050007B68012283F83D20002318460837BD468F
:1070600080BD80B483B000AF786000BF0C37BD46F0
:107070005DF8047B7047000080B485B000AF786095
:107080007B6893F83D30DBB2012B01D001234AE04D
:107090007B68022283F83D207B681B68DA687B6886
:1070A0001B6842F00102DA607B681B68214A934248
:1070B00018D07B681B68B3F1804F13D07B681B68C6
:1070C0001D4A93420ED07B681B681C4A934209D02C
:1070D0007B681B681A4A934204D07B681B68194A74
:1070E000934215D17B681B689A68174B1340FB606D
:1070F000FB68062B15D0FB68B3F5803F11D07B6889
:107100001B681A687B681B6842F001021A6008E07D
:107110007B681B681A687B681B6842F001021A6072
:1071200000E000BF002318461437BD465DF8047B1D
:10713000704700BF002C01400004004000080040E0
:1071400000340140004001400700010080B584B0D8
:1071500000AF78607B681B68DB68FB607B681B683E
:107160001B69BB60BB6803F00203002B20D0FB68E7
:1071700003F00203002B1BD07B681B686FF0020238
:107180001A617B6801221A777B681B689B6903F090
:107190000303002B03D0786800F031F905E078682C
:1071A00000F023F9786800F034F97B6800221A7740
:1071B000BB6803F00403002B20D0FB6803F004033A
:1071C000002B1BD07B681B686FF004021A617B6880
:1071D00002221A777B681B689B6903F44073002BBB
:1071E00003D0786800F00BF905E0786800F0FDF84E
:1071F000786800F00EF97B6800221A77BB6803F00C
:107200000803002B20D0FB6803F00803002B1BD0E1
:107210007B681B686FF008021A617B6804221A778A
:107220007B681B68DB6903F00303002B03D07868DD
:1072300000F0E5F805E0786800F0D7F8786800F02D
:10724000E8F87B6800221A77BB6803F01003002B74
:1072500020D0FB6803F01003002B1BD07B681B6859
:107260006FF010021A617B6808221A777B681B682E
:10727000DB6903F44073002B03D0786800F0BFF89B
:1072800005E0786800F0B1F8786800F0C2F87B6833
:1072900000221A77BB6803F00103002B0CD0FB68B7
:1072A00003F00103002B07D07B681B686FF001021D
:1072B0001A617868FBF74AFFBB6803F08003002B74
:1072C00004D1BB6803F40053002B0CD0FB6803F01F
:1072D0008003002B07D07B681B686FF402521A6191
:1072E000786800F051F9BB6803F48073002B0CD070
:1072F000FB6803F08003002B07D07B681B686FF4EA
:1073000080721A61786800F049F9BB6803F04003A5
:10731000002B0CD0FB6803F04003002B07D07B68E8
:107320001B686FF040021A61786800F07CF8BB6857
:1073300003F02003002B0CD0FB6803F02003002B8C
:1073400007D07B681B686FF020021A61786800F034
:1073500011F9BB6803F48013002B0CD0FB6803F415
:107360008013002B07D07B681B686FF480121A61B2
:10737000786800F01DF9BB6803F40013002B0CD0F3
:10738000FB6803F40013002B07D07B681B686FF4C5
:1073900000121A61786800F015F9BB6803F48003E5
:1073A000002B0CD0FB6803F48003002B07D07B6814
:1073B0001B686FF480021A61786800F00DF9BB68F1
:1073C00003F40003002B0CD0FB6803F40003002B34
:1073D00007D07B681B686FF400021A61786800F0C0
:1073E00005F900BF1037BD4680BD80B483B000AF43
:1073F000786000BF0C37BD465DF8047B704780B4F1
:1074000083B000AF786000BF0C37BD465DF8047BE9
:10741000704780B483B000AF786000BF0C37BD46C2
:107420005DF8047B704780B483B000AF786000BF24
:107430000C37BD465DF8047B7047000080B485B012
:1074400000AF786039607B681B68FB607B68424AEC
:1074500093420FD07B68B3F1804F0BD07B683F4ADB
:10746000934207D07B683E4A934203D07B683D4AF3
:10747000934208D1FB6823F07003FB603B685B68B4
:10748000FA681343FB607B68334A93421BD07B68E6
:10749000B3F1804F17D07B68304A934213D07B689A
:1074A0002F4A93420FD07B682E4A93420BD07B68C1
:1074B0002D4A934207D07B682C4A934203D07B68C5
:1074C0002B4A934208D1FB6823F44073FB603B686E
:1074D000DB68FA681343FB60FB6823F080023B68BB
:1074E0005B691343FB607B68FA681A603B689A68C3
:1074F0007B68DA623B681A687B689A627B68164A26
:1075000093420FD07B68174A93420BD07B68164A90
:10751000934207D07B68154A934203D07B68144A94
:10752000934203D13B681A697B681A637B68012226
:107530005A617B681B6903F00103012B05D17B684D
:107540001B6923F001027B681A6100BF1437BD4636
:107550005DF8047B704700BF002C01400004004030
:107560000008004000340140004001400044014058
:107570000048014080B483B000AF786000BF0C3792
:10758000BD465DF8047B704780B483B000AF78607F
:1075900000BF0C37BD465DF8047B704780B483B0F4
:1075A00000AF786000BF0C37BD465DF8047B7047C4
:1075B00080B483B000AF786000BF0C37BD465DF883
:1075C000047B704780B483B000AF786000BF0C3795
:1075D000BD465DF8047B704780B483B000AF78602F
:1075E00000BF0C37BD465DF8047B704780B483B0A4
:1075F00000AF786000BF0C37BD465DF8047B704774
:1076000080B582B000AF78607B68002B01D1012388
:1076100042E07B68D3F88830002B06D17B680022DB
:1076200083F884207868FBF789FE7B682422C3F8FE
:1076300088207B681B681A687B681B6822F001023F
:107640001A607B689B6A002B02D0786800F0E8FE25
:10765000786800F019FC0346012B01D101231BE0DF
:107660007B681B685A687B681B6822F490425A60EA
:107670007B681B689A687B681B6822F02A029A6004
:107680007B681B681A687B681B6842F001021A60FD
:10769000786800F067FF034618460837BD4680BD8E
:1076A00080B58AB000AFF860B9601346FB80FB6814
:1076B000D3F88830202B67D1BB68002B02D0FB8821
:1076C000002B01D1012360E0FB68BA681A65FB68F2
:1076D000FA88A3F85420FB68FA88A3F85620FB68C0
:1076E0000022C3F89020FB682122C3F88820FB68A1
:1076F000DB6F002B28D0FB68DB6F264ADA62FB6861
:10770000DB6F254A1A63FB68DB6F244A5A63FB6808
:10771000DB6F00229A63FB68D86FFB681B6D19460C
:10772000FB681B6828331A46FB88FCF763FF034697
:10773000002B09D0FB681022C3F89020FB682022A0
:10774000C3F88820012320E0FB681B6840221A62EE
:10775000FB681B6808337B617B6953E8003F3B6132
:107760003B6943F080037B62FB681B6808337A6ADD
:107770003A62FB61F9693A6A41E80023BB61BB697F
:10778000002BE5D1002300E0022318462837BD4630
:1077900080BD00BF2F8A0008C98A00084F8C0008EE
:1077A00080B5BAB000AF78607B681B68DB69C7F84A
:1077B000E4307B681B681B68C7F8E0307B681B6897
:1077C0009B68C7F8DC30D7F8E42040F60F0313407D
:1077D000C7F8D830D7F8D830002B1BD1D7F8E43011
:1077E00003F02003002B15D0D7F8E03003F020037E
:1077F000002B05D1D7F8DC3003F08053002B09D0E3
:107800007B685B6F002B00F000837B685B6F7868A0
:107810009847FAE2D7F8D830002B00F02381D7F848
:10782000DC208D4B1340002B06D1D7F8E0208B4B8A
:107830001340002B00F01681D7F8E43003F0010369
:10784000002B11D0D7F8E03003F48073002B0BD05D
:107850007B681B6801221A627B68D3F8903043F082
:1078600001027B68C3F89020D7F8E43003F00203EC
:10787000002B11D0D7F8DC3003F00103002B0BD024
:107880007B681B6802221A627B68D3F8903043F051
:1078900004027B68C3F89020D7F8E43003F00403B7
:1078A000002B11D0D7F8DC3003F00103002B0BD0F4
:1078B0007B681B6804221A627B68D3F8903043F01F
:1078C00002027B68C3F89020D7F8E43003F0080385
:1078D000002B17D0D7F8E03003F02003002B05D1A0
:1078E000D7F8DC205C4B1340002B0BD07B681B6867
:1078F00008221A627B68D3F8903043F008027B6854
:10790000C3F89020D7F8E43003F40063002B12D0C2
:10791000D7F8E03003F08063002B0CD07B681B6845
:107920004FF400621A627B68D3F8903043F0200273
:107930007B68C3F890207B68D3F89030002B00F070
:107940006682D7F8E43003F02003002B13D0D7F879
:10795000E03003F02003002B05D1D7F8DC3003F032
:107960008053002B07D07B685B6F002B03D07B68B4
:107970005B6F786898477B68D3F89030C7F8D4304D
:107980007B681B689B6803F04003402B05D0D7F849
:10799000D43003F02803002B54D0786800F0E1FFC6
:1079A0007B681B689B6803F04003402B46D17B68D3
:1079B0001B680833C7F89C30D7F89C3053E8003F69
:1079C000C7F89830D7F8983023F04003C7F8D03084
:1079D0007B681B680833D7F8D020C7F8A820C7F801
:1079E000A430D7F8A410D7F8A82041E80023C7F89E
:1079F000A030D7F8A030002BD9D17B68D3F88030E5
:107A0000002B17D07B68D3F88030154A9A637B68C7
:107A1000D3F880301846FCF7C1FE0346002B19D07E
:107A20007B68D3F880309B6B7A68D2F88020104650
:107A300098470FE0786800F01DFA0BE0786800F0D6
:107A400019FA07E0786800F015FA7B680022C3F89D
:107A50009020DCE100BFDAE1010000102001000409
:107A6000CF8C00087B68DB6E012B40F07081D7F86B
:107A7000E43003F01003002B00F06981D7F8E03008
:107A800003F01003002B00F062817B681B6810225A
:107A90001A627B681B689B6803F04003402B40F030
:107AA000D8807B68D3F880301B685B68A7F8BE304D
:107AB000B7F8BE30002B00F0AF807B68B3F85C30C5
:107AC000B7F8BE209A4280F0A7807B68B7F8BE2046
:107AD000A3F85E207B68D3F880301B681B6803F036
:107AE0002003002B40F087807B681B68C7F8883034
:107AF000D7F8883053E8003FC7F88430D7F884308F
:107B000023F48073C7F8B8307B681B681A46D7F82F
:107B1000B830C7F89430C7F89020D7F89010D7F84D
:107B2000942041E80023C7F88C30D7F88C30002B24
:107B3000DAD17B681B6808337B677B6F53E8003FB3
:107B40003B673B6F23F00103C7F8B4307B681B68C9
:107B50000833D7F8B420C7F88020FB67F96FD7F84F
:107B6000802041E80023BB67BB6F002BE1D17B681D
:107B70001B6808333B663B6E53E8003FFB65FB6DBB
:107B800023F04003C7F8B0307B681B680833D7F890
:107B9000B020FA66BB66B96EFA6E41E800237B66D8
:107BA0007B6E002BE3D17B682022C3F88C207B689E
:107BB0000022DA667B681B68FB64FB6C53E8003FBD
:107BC000BB64BB6C23F01003C7F8AC307B681B6848
:107BD0001A46D7F8AC30BB657A65796DBA6D41E865
:107BE00000233B653B6D002BE4D17B68D3F88030EC
:107BF0001846FCF77AFD7B6802221A677B68B3F8A7
:107C00005C207B68B3F85E309BB2D31A9BB21946F6
:107C10007868FBF7A5FEFCE07B68B3F85C30B7F84A
:107C2000BE209A4240F0F5807B68D3F880301B6814
:107C30001B6803F02003202B40F0EB807B680222BE
:107C40001A677B68B3F85C3019467868FBF788FEE2
:107C5000DFE07B68B3F85C207B68B3F85E309BB2F2
:107C6000D31AA7F8CE307B68B3F85E309BB2002BF6
:107C700000F0D180B7F8CE30002B00F0CC807B68CC
:107C80001B68BB63BB6B53E8003F7B637B6B23F4D8
:107C90009073C7F8C8307B681B681A46D7F8C8309D
:107CA0007B643A64396C7A6C41E80023FB63FB6BBC
:107CB000002BE4D17B681B6808337B627B6A53E846
:107CC000003F3B623B6A23F0805323F00103C7F877
:107CD000C4307B681B680833D7F8C4203A63FB6262
:107CE000F96A3A6B41E80023BB62BB6A002BE1D121
:107CF0007B682022C3F88C207B680022DA667B68D0
:107D000000225A677B681B683B613B6953E8003F70
:107D1000FB60FB6823F01003C7F8C0307B681B686A
:107D20001A46D7F8C030FB61BA61B969FA6941E80F
:107D300000237B617B69002BE4D17B6802221A67F8
:107D4000B7F8CE3019467868FBF70AFE63E0D7F83B
:107D5000E43003F48013002B0ED0D7F8DC3003F4AA
:107D60008003002B08D07B681B684FF480121A62D6
:107D7000786800F0E9FF51E0D7F8E43003F08003C1
:107D8000002B14D0D7F8E03003F08003002B05D18E
:107D9000D7F8DC3003F40003002B08D07B689B6F1E
:107DA000002B3AD07B689B6F7868984735E0D7F80E
:107DB000E43003F04003002B09D0D7F8E03003F0A3
:107DC0004003002B03D0786800F093FF26E0D7F83B
:107DD000E43003F40003002B09D0D7F8E03003F0BF
:107DE0008043002B03D0786800F0C2FF16E0D7F87C
:107DF000E43003F08073002B10D0D7F8E030002B74
:107E00000CDA786800F0AAFF08E000BF06E000BFC7
:107E100004E000BF02E000BF00E000BFE837BD465D
:107E200080BD00BF80B483B000AF786000BF0C3766
:107E3000BD465DF8047B704780B483B000AF7860C6
:107E400000BF0C37BD465DF8047B704780B483B03B
:107E500000AF786000BF0C37BD465DF8047B70470B
:107E600080B483B000AF786000BF0C37BD465DF8CA
:107E7000047B704780B483B000AF786000BF0C37DC
:107E8000BD465DF8047B70472DE9B04F8CB000AF64
:107E90007861002387F82A307B699A687B691B69BF
:107EA0001A437B695B691A437B69DB691343FB6295
:107EB0007B691B681A68AB4B13407A691268F96AD0
:107EC0000B4313607B691B685B6823F440517B693B
:107ED000DA687B691B680A435A607B699B69FB62AD
:107EE0007B691B68A04A934204D07B691B6AFA6ACB
:107EF0001343FB627B691B689B6823F06E4323F48A
:107F000030637A691268F96A0B4393607B691B6876
:107F1000DB6A23F00F017B695A6A7B691B680A439D
:107F2000DA627B691B68914A934225D1904BD3F862
:107F3000883003F00303032B1AD801A252F823F070
:107F4000517F0008617F0008597F0008697F0008A1
:107F5000012387F82B30D6E0022387F82B30D2E0BC
:107F6000042387F82B30CEE0082387F82B30CAE0B3
:107F7000102387F82B30C6E07B691B687D4A93424B
:107F800038D17B4BD3F8883003F00C030C2B2DD861
:107F900001A252F823F000BFCD7F0008ED7F00085A
:107FA000ED7F0008ED7F0008DD7F0008ED7F000811
:107FB000ED7F0008ED7F0008D57F0008ED7F000809
:107FC000ED7F0008ED7F0008E57F0008002387F8BB
:107FD0002B3098E0022387F82B3094E0042387F8B5
:107FE0002B3090E0082387F82B308CE0102387F8A3
:107FF0002B3088E07B691B685F4A934225D15C4B3C
:10800000D3F8883003F03003302B16D0302B18D83B
:10801000202B0AD0202B14D8002B02D0102B08D0F4
:108020000FE0002387F82B306DE0022387F82B3018
:1080300069E0042387F82B3065E0082387F82B30AC
:1080400061E0102387F82B305DE07B691B684B4AA9
:10805000934225D1464BD3F8883003F0C003C02BA0
:1080600016D0C02B18D8802B0AD0802B14D8002B08
:1080700002D0402B08D00FE0002387F82B3042E0DD
:10808000022387F82B303EE0042387F82B303AE0B8
:10809000082387F82B3036E0102387F82B3032E0A6
:1080A0007B691B68304A93422AD1314BD3F8883020
:1080B00003F44063B3F5406F1AD0B3F5406F1BD89B
:1080C000B3F5006F0CD0B3F5006F15D8002B03D0BB
:1080D000B3F5806F08D00FE0002387F82B3012E053
:1080E000022387F82B300EE0042387F82B300AE0B8
:1080F000082387F82B3006E0102387F82B3002E0A6
:10810000102387F82B307B691B68174A934240F095
:10811000A88097F82B30082B34D801A252F823F00E
:1081200045810008858100084D810008858100088F
:108130005381000885810008858100088581000839
:108140005B810008FEF7A2FC786221E00C4B7B62A9
:108150001EE0FEF72DFC78621AE04FF400437B62CC
:1081600016E000BFF369FFCF0080004000380140F7
:10817000001002400044004000480040004C004015
:108180000024F40000237B62012387F82A3000BF1B
:108190007B6A002B00F02A817B695B6A9E4A32F879
:1081A00013301A467B6AB3FBF2F3BB617B695A68F2
:1081B00013465B001344BA699A4205D37B695B6836
:1081C0001B03BA699A4203D9012387F82A300DE1CB
:1081D0007B6A0022BB60FA607B695B6A8E4A32F878
:1081E00013309BB200223B607A60D7E90023D7E9C5
:1081F0000201F8F7D1FC02460B46104619464FF033
:1082000000024FF000030B0243EA10630202796997
:108210004968490800200C46054612EB040843EB68
:1082200005097B695B6800229A46934652465B4685
:1082300040464946F8F7B0FC02460B4613463B62FF
:108240003B6AB3F5407F08D33B6AB3F5801F04D285
:108250007B691B683A6ADA60C8E0012387F82A3034
:10826000C4E07B69DB69B3F5004F67D197F82B3029
:10827000082B28D801A252F823F000BFA1820008E1
:10828000A9820008B1820008C7820008B7820008EE
:10829000C7820008C7820008C7820008BF820008A2
:1082A000FEF7F4FB786214E0FEF706FC786210E05B
:1082B0005A4B7B620DE0FEF77BFB786209E04FF4DE
:1082C00000437B6205E000237B62012387F82A30AC
:1082D00000BF7B6A002B00F089807B695B6A4E4A95
:1082E00032F813301A467B6AB3FBF2F35A007B690B
:1082F0005B685B081A447B695B68B2FBF3F33B6223
:108300003B6A0F2B16D93B6AB3F5803F12D23B6A0A
:108310009BB223F00F03FB833B6A5B089BB203F025
:1083200007039AB2FB8B1343FB837B691B68FA8BB1
:10833000DA605BE0012387F82A3057E097F82B30AA
:10834000082B28D801A252F823F000BF718300083F
:1083500079830008818300089783000887830008D9
:108360009783000897830008978300088F8300088D
:10837000FEF78CFB786214E0FEF79EFB786210E05B
:10838000264B7B620DE0FEF713FB786209E04FF4A9
:1083900000437B6205E000237B62012387F82A30DB
:1083A00000BF7B6A002B21D07B695B6A1A4A32F8D6
:1083B00013301A467B6AB3FBF2F27B695B685B0899
:1083C0001A447B695B68B2FBF3F33B623B6A0F2B99
:1083D00009D93B6AB3F5803F05D23B6A9AB27B6903
:1083E0001B68DA6002E0012387F82A307B690122EA
:1083F000A3F86A207B690122A3F868207B69002228
:108400005A677B6900229A6797F82A3018463037F6
:10841000BD46BDE8B08F00BF60B200080024F40084
:1084200080B483B000AF78607B689B6A03F0080378
:10843000002B0AD07B681B685B6823F400417B68D3
:108440009A6B7B681B680A435A607B689B6A03F0DF
:108450000103002B0AD07B681B685B6823F40031A2
:108460007B68DA6A7B681B680A435A607B689B6A90
:1084700003F00203002B0AD07B681B685B6823F4BF
:1084800080317B681A6B7B681B680A435A607B6883
:108490009B6A03F00403002B0AD07B681B685B68AF
:1084A00023F480217B685A6B7B681B680A435A60FF
:1084B0007B689B6A03F01003002B0AD07B681B6863
:1084C0009B6823F480517B68DA6B7B681B680A43E6
:1084D0009A607B689B6A03F02003002B0AD07B68BC
:1084E0001B689B6823F400517B681A6C7B681B68CF
:1084F0000A439A607B689B6A03F04003002B1AD002
:108500007B681B685B6823F480117B685A6C7B680E
:108510001B680A435A607B685B6CB3F5801F0AD105
:108520007B681B685B6823F4C0017B689A6C7B687E
:108530001B680A435A607B689B6A03F08003002B28
:108540000AD07B681B685B6823F400217B68DA6CC7
:108550007B681B680A435A6000BF0C37BD465DF854
:10856000047B704780B598B002AF78607B680022CA
:10857000C3F89020FBF788FE78657B681B681B6852
:1085800003F00803082B2FD16FF07E4300937B6D1F
:1085900000224FF40011786800F08EF80346002B9B
:1085A00022D07B681B68BB63BB6B53E8003F7B63D7
:1085B0007B6B23F080033B657B681B681A463B6D31
:1085C0007B643A64396C7A6C41E80023FB63FB6B93
:1085D000002BE6D17B682022C3F888207B6800222C
:1085E00083F88420032363E07B681B681B6803F027
:1085F0000403042B49D16FF07E4300937B6D00226E
:108600004FF48001786800F057F80346002B3CD007
:108610007B681B687B627B6A53E8003F3B623B6A76
:1086200023F49073FB647B681B681A46FB6C3B6306
:10863000FA62F96A3A6B41E80023BB62BB6A002B1D
:10864000E6D17B681B6808333B613B6953E8003F18
:10865000FB60FB6823F00103BB647B681B68083385
:10866000BA6CFA61BB61B969FA6941E800237B61C0
:108670007B69002BE5D17B682022C3F88C207B68C6
:10868000002283F88420032312E07B682022C3F8B1
:1086900088207B682022C3F88C207B680022DA6661
:1086A0007B6800221A677B68002283F884200023FD
:1086B00018465837BD4680BD80B584B000AFF8601D
:1086C000B9603B601346FB714FE0BB69B3F1FF3FFC
:1086D0004BD0FBF7D9FD02463B68D31ABA699A42E0
:1086E00002D3BB69002B01D103234EE0FB681B685A
:1086F0001B6803F00403002B37D0BB68802B34D0F9
:10870000BB68402B31D0FB681B68DB6903F00803B2
:10871000082B10D1FB681B6808221A62F86800F069
:1087200020F9FB680822C3F89020FB68002283F838
:108730008420012329E0FB681B68DB6903F40063E4
:10874000B3F5006F11D1FB681B684FF400621A6229
:10875000F86800F006F9FB682022C3F89020FB6857
:10876000002283F8842003230FE0FB681B68DA698A
:10877000BB681340BA689A420CBF01230023DBB2E6
:108780001A46FB799A42A0D0002318461037BD46FE
:1087900080BD000080B596B000AFF860B9601346A8
:1087A000FB80FB68BA689A65FB68FA88A3F85C20CE
:1087B000FB680022C3F89020FB682222C3F88C20BB
:1087C000FB68D3F88030002B2DD0FB68D3F88030C5
:1087D000404ADA62FB68D3F880303F4A1A63FB688C
:1087E000D3F880303D4A5A63FB68D3F880300022CA
:1087F0009A63FB68D3F88000FB681B682433194632
:10880000FB689B6D1A46FB88FBF7F4FE0346002BC2
:1088100009D0FB681022C3F89020FB682022C3F81F
:108820008C20012351E0FB681B69002B18D0FB68EA
:108830001B68FB63FB6B53E8003FBB63BB6B43F4FC
:1088400080737B65FB681B681A467B6DBB647A642A
:10885000796CBA6C41E800233B643B6C002BE6D199
:10886000FB681B680833BB62BB6A53E8003F7B624E
:108870007B6A43F001033B65FB681B6808333A6D74
:108880007A633B63396B7A6B41E80023FB62FB6AD6
:10889000002BE5D1FB681B6808337B617B6953E8DB
:1088A000003F3B613B6943F04003FB64FB681B688E
:1088B0000833FA6C3A62FB61F9693A6A41E80023CD
:1088C000BB61BB69002BE5D1002318465837BD4674
:1088D00080BD00BFE58A0008118C00084F8C00089D
:1088E00080B48FB000AF78607B681B683B623B6AE6
:1088F00053E8003FFB61FB6923F0C0037B637B68A7
:108900001B681A467B6BFB62BA62B96AFA6A41E875
:1089100000237B627B6A002BE6D17B681B680833EF
:10892000FB60FB6853E8003FBB60BB6823F40003B7
:108930003B637B681B6808333A6BBA617B6179697A
:10894000BA6941E800233B613B69002BE5D17B68B4
:108950002022C3F8882000BF3C37BD465DF8047B69
:10896000704780B495B000AF78607B681B687B630C
:108970007B6B53E8003F3B633B6B23F49073FB64DA
:108980007B681B681A46FB6C3B64FA63F96B3A6CB4
:1089900041E80023BB63BB6B002BE6D17B681B68FF
:1089A00008333B623B6A53E8003FFB61FB6923F0FD
:1089B000805323F00103BB647B681B680833BA6CE7
:1089C000FA62BB62B96AFA6A41E800237B627B6A99
:1089D000002BE3D17B68DB6E012B18D17B681B6811
:1089E000FB60FB6853E8003FBB60BB6823F01003EB
:1089F0007B647B681B681A467B6CBB617A61796912
:108A0000BA6941E800233B613B69002BE6D17B68F2
:108A10002022C3F88C207B680022DA667B68002263
:108A20005A6700BF5437BD465DF8047B704780B578
:108A300090B000AF78607B689B6AFB637B681B68C3
:108A40001B6803F02003002B37D1FB6B0022A3F837
:108A50005620FB6B1B6808337B627B6A53E8003F40
:108A60003B623B6A23F08003BB63FB6B1B680833EC
:108A7000BA6B3A63FB62F96A3A6B41E80023BB6266
:108A8000BB6A002BE5D1FB6B1B683B613B6953E87C
:108A9000003FFB60FB6843F040037B63FB6B1B689C
:108AA0001A467B6BFB61BA61B969FA6941E8002338
:108AB0007B617B69002BE6D102E0F86BFFF7B2F92E
:108AC00000BF4037BD4680BD80B584B000AF786040
:108AD0007B689B6AFB60F868FFF7AEF900BF103750
:108AE000BD4680BD80B59CB000AF78607B689B6A56
:108AF000FB667B681B681B6803F02003002B71D1A9
:108B0000FB6E0022A3F85E20FB6E1B68FB64FB6C0F
:108B100053E8003FBB64BB6C23F48073BB66FB6E01
:108B20001B681A46BB6EBB657A65796DBA6D41E804
:108B300000233B653B6D002BE6D1FB6E1B680833C1
:108B4000BB63BB6B53E8003F7B637B6B23F001038C
:108B50007B66FB6E1B6808337A6E7A643B64396C03
:108B60007A6C41E80023FB63FB6B002BE5D1FB6EC5
:108B70001B6808337B627B6A53E8003F3B623B6AB9
:108B800023F040033B66FB6E1B6808333A6E3A6382
:108B9000FB62F96A3A6B41E80023BB62BB6A002BB7
:108BA000E5D1FB6E2022C3F88C20FB6EDB6E012B1F
:108BB00018D1FB6E1B683B613B6953E8003FFB60CB
:108BC000FB6823F01003FB65FB6E1B681A46FB6D08
:108BD000FB61BA61B969FA6941E800237B617B698D
:108BE000002BE6D1FB6E00221A67FB6EDB6E012BB9
:108BF00007D1FB6EB3F85C301946F86EFAF7B0FE99
:108C000002E0F86EFFF722F900BF7037BD4680BD65
:108C100080B584B000AF78607B689B6AFB60FB68BE
:108C200001221A67FB68DB6E012B09D1FB68B3F8E0
:108C30005C305B089BB21946F868FAF791FE02E0D7
:108C4000F868FFF70DF900BF1037BD4680BD80B54D
:108C500086B000AF78607B689B6A7B617B69D3F8E4
:108C600088303B617B69D3F88C30FB607B691B6883
:108C70009B6803F08003802B09D13B69212B06D12F
:108C80007B690022A3F856207869FFF729FE7B69EB
:108C90001B689B6803F04003402B09D1FB68222B23
:108CA00006D17B690022A3F85E207869FFF759FEA0
:108CB0007B69D3F8903043F010027B69C3F89020B1
:108CC0007869FFF7D7F800BF1837BD4680BD80B57B
:108CD00084B000AF78607B689B6AFB60FB68002211
:108CE000A3F85E20F868FFF7C5F800BF1037BD464F
:108CF00080BD80B588B000AF78607B681B68FB6082
:108D0000FB6853E8003FBB60BB6823F04003FB6196
:108D10007B681B681A46FB69BB617A617969BA692D
:108D200041E800233B613B69002BE6D17B682022B0
:108D3000C3F888207B6800229A677868FFF772F88A
:108D400000BF2037BD4680BD80B483B000AF7860DF
:108D500000BF0C37BD465DF8047B704780B483B01C
:108D600000AF786000BF0C37BD465DF8047B7047EC
:108D700080B483B000AF786000BF0C37BD465DF8AB
:108D8000047B704780B485B000AF78607B6893F84F
:108D90008430012B01D1022327E07B68012283F874
:108DA00084207B682422C3F888207B681B681B68AA
:108DB000FB607B681B681A687B681B6822F00102F5
:108DC0001A60FB6823F00053FB607B6800225A6640
:108DD0007B681B68FA681A607B682022C3F88820C9
:108DE0007B68002283F88420002318461437BD4690
:108DF0005DF8047B704780B584B000AF786039605F
:108E00007B6893F88430012B01D102232DE07B682D
:108E1000012283F884207B682422C3F888207B68A1
:108E20001B681B68FB607B681B681A687B681B6893
:108E300022F001021A607B681B689B6823F0604186
:108E40007B681B683A680A439A60786800F0A4F867
:108E50007B681B68FA681A607B682022C3F8882048
:108E60007B68002283F88420002318461037BD4613
:108E700080BD80B584B000AF786039607B6893F8BE
:108E80008430012B01D102232DE07B68012283F87D
:108E900084207B682422C3F888207B681B681B68B9
:108EA000FB607B681B681A687B681B6822F0010204
:108EB0001A607B681B689B6823F060617B681B6895
:108EC0003A680A439A60786800F066F87B681B6825
:108ED000FA681A607B682022C3F888207B68002229
:108EE00083F88420002318461037BD4680BD80B526
:108EF0008CB000AFF860B9601346FB80FB68D3F814
:108F00008C30202B42D1BB68002B02D0FB88002B79
:108F100001D101233BE0FB680122DA66FB680022F5
:108F20001A67FB881A46B968F868FFF733FC0346EE
:108F300087F82F3097F82F30002B24D1FB68DB6E99
:108F4000012B1DD1FB681B6810221A62FB681B688D
:108F5000BB61BB6953E8003F7B617B6943F0100351
:108F6000BB62FB681B681A46BB6A7B623A62396A5D
:108F70007A6A41E80023FB61FB69002BE6D102E03D
:108F8000012387F82F3097F82F3000E0022318468E
:108F90003037BD4680BD000080B485B000AF78603A
:108FA0007B685B6E002B08D17B680122A3F86A20E6
:108FB0007B680122A3F8682031E00823FB730823B3
:108FC000BB737B681B689B685B0EDBB203F0070317
:108FD0007B737B681B689B685B0FDBB203F0070346
:108FE0003B73BB7B3A7B11498A5C02FB03F33A7B00
:108FF0000F498A5C93FBF2F39AB27B68A3F86A206C
:10900000FB7B7A7B09498A5C02FB03F37A7B084984
:109010008A5C93FBF2F39AB27B68A3F8682000BFE6
:109020001437BD465DF8047B704700BF78B2000876
:1090300080B2000880B485B000AF0346FB800023F7
:10904000FB60B7F90630842B05D0B7F90620FB6822
:1090500013440333FB60FB6818461437BD465DF8C4
:10906000047B704780B500AF00F0E0FA002318469B
:1090700080BDF0B587B002AF786039607B685C680E
:109080007B681D687B681B699EB27B68B3F90830FA
:109090001846FFF7CFFF024607F10C030193009239
:1090A0003B6832462946204600F0BEF80346012BB5
:1090B00001D0002300E0FB6818461437BD46F0BD20
:1090C00080B483B000AF78607B6803F108027B68EE
:1090D0005A607B684FF0FF329A607B6803F10802A8
:1090E0007B68DA607B6803F108027B681A617B6841
:1090F00000221A6000BF0C37BD465DF8047B704744
:1091000080B483B000AF78607B6800221A6100BF32
:109110000C37BD465DF8047B704780B485B000AF66
:10912000786039607B685B68FB603B68FA685A600E
:10913000FB689A683B689A60FB689B683A685A606B
:10914000FB683A689A603B687A681A617B681B68BA
:109150005A1C7B681A6000BF1437BD465DF8047B5B
:10916000704780B485B000AF786039603B681B6899
:10917000BB60BB68B3F1FF3F03D17B681B69FB6039
:109180000CE07B680833FB6002E0FB685B68FB6017
:10919000FB685B681B68BA689A42F6D2FB685A683B
:1091A0003B685A603B685B683A689A603B68FA685B
:1091B0009A60FB683A685A603B687A681A617B6813
:1091C0001B685A1C7B681A6000BF1437BD465DF8E7
:1091D000047B704780B485B000AF78607B681B6902
:1091E000FB607B685B687A6892689A607B689B68C2
:1091F0007A6852685A60FB685B687A689A4203D161
:109200007B689A68FB685A607B6800221A61FB6879
:109210001B685A1EFB681A60FB681B6818461437E7
:10922000BD465DF8047B704780B58CB004AFF86034
:10923000B9603B601346FB80FB889B00184600F03A
:1092400053FF78617B69002B0ED0A02000F04CFF0B
:10925000F861FB69002B03D0FB697A691A6305E0AA
:10926000786901F00FF801E00023FB61FB69002B36
:1092700013D0FA8800230393FB690293FB6A0193DE
:10928000BB6A00933B68B968F86800F00FF8F869AA
:1092900000F0ACF80123BB6102E04FF0FF33BB618B
:1092A000BB6918462037BD4680BD000080B588B038
:1092B00000AFF860B9607A603B603B6B1A6B7B680B
:1092C00003F18043013B9B001344BB61BB6923F066
:1092D0000703BB61BB6903F00703002B0BD04FF002
:1092E000500383F31188BFF36F8FBFF34F8F7B6100
:1092F00000BF00BFFDE7BB68002B1FD00023FB6150
:1093000012E0BA68FB69134419783A6BFB6913449D
:1093100034330A461A70BA68FB6913441B78002B71
:1093200006D0FB690133FB61FB690F2BE9D900E033
:1093300000BF3B6B002283F8432003E03B6B00221D
:1093400083F83420BB6A062B01D90623BB623B6B32
:10935000BA6ADA623B6BBA6A5A643B6B00229A645F
:109360003B6B04331846FFF7CBFE3B6B18331846B4
:10937000FFF7C6FE3B6B3A6B1A61BB6AC3F107028B
:109380003B6B9A613B6B3A6B5A623B6B0022C3F8B2
:1093900098203B6B002283F89C203B6B4C334C2283
:1093A0000021184601F044F93B6B0D4A1A653B6BEE
:1093B0000C4A5A653B6B0C4A9A653A68F968B86979
:1093C00000F082FC02463B6B1A60FB6A002B02D065
:1093D000FB6A3A6B1A6000BF2037BD4680BD00BFF4
:1093E000303E0020983E0020003F002080B582B033
:1093F00000AF786000F098FD2A4B1B680133294AC2
:109400001360294B1B68002B09D1274A7B68136026
:10941000244B1B68012B10D100F04CFB0DE0234BBB
:109420001B68002B09D1204B1B68DA6A7B68DB6A5A
:109430009A4202D81C4A7B6813601D4B1B6801339B
:109440001B4A13607B68DB6A01229A40194B1B6838
:109450001343184A13607B68DA6A13469B0013446F
:109460009B00154A1A447B68043319461046FFF7DF
:1094700054FE00F08BFD0D4B1B68002B0ED00A4BE9
:109480001B68DA6A7B68DB6A9A4207D20B4B4FF0A3
:1094900080521A60BFF34F8FBFF36F8F00BF083742
:1094A000BD4680BDD40D0020D40C0020E00D00206E
:1094B000F00D0020DC0D0020D80C002004ED00E0B1
:1094C00080B58AB000AF7860396000237B627B682A
:1094D000002B0BD14FF0500383F31188BFF36F8F34
:1094E000BFF34F8F7B6100BF00BFFDE73B68002BE0
:1094F0000BD14FF0500383F31188BFF36F8FBFF38D
:109500004F8F3B6100BF00BFFDE72A4B1B68002B5C
:109510000BD04FF0500383F31188BFF36F8FBFF36D
:109520004F8FFB6000BF00BFFDE700F0D1F8224B7A
:109530001B683B627B681B683A681344FB617B686D
:109540001B683A6A9A420BD27B681B68FA699A4296
:1095500011D2FA693B6A9A420DD901237B620AE073
:109560007B681B68FA699A4203D3FA693B6A9A429C
:1095700001D901237B627B68FA691A607B6A002B40
:1095800006D0FA693B6AD31A0021184600F036FB70
:1095900000F0ACF8B861BB69002B07D1074B4FF066
:1095A00080521A60BFF34F8FBFF36F8F00BF283711
:1095B000BD4680BDFC0D0020D80D002004ED00E06C
:1095C00080B584B000AF78600023FB607B68002B1F
:1095D00018D0144B1B68002B0BD04FF0500383F3B3
:1095E0001188BFF36F8FBFF34F8FBB6000BF00BF09
:1095F000FDE700F06DF80021786800F0FFFA00F058
:1096000075F8F860FB68002B07D1074B4FF08052CC
:109610001A60BFF34F8FBFF36F8F00BF1037BD4687
:1096200080BD00BFFC0D002004ED00E080B586B0D9
:1096300002AF1F4B019300230093002380221D499A
:109640001D48FFF7F1FDF860FB68012B1BD14FF0BF
:10965000500383F31188BFF36F8FBFF34F8FBB604D
:1096600000BF164B1B684C33154A1360154B4FF067
:10967000FF321A60144B01221A60144B00221A6048
:1096800000F0AEFB0FE0FB68B3F1FF3F0BD14FF0F2
:10969000500383F31188BFF36F8FBFF34F8F7B604D
:1096A00000BF00BFFDE700BF1037BD4680BD00BF53
:1096B000F80D002040B20008859A0008D40C002064
:1096C00044000020F40D0020E00D0020D80D002003
:1096D00080B400AF044B1B680133034A136000BF22
:1096E000BD465DF8047B7047FC0D002080B584B05A
:1096F00000AF0023FB600023BB60424B1B68002BC4
:109700000BD14FF0500383F31188BFF36F8FBFF37A
:109710004F8F3B6000BF00BFFDE700F005FC394BF9
:109720001B68013B374A1360364B1B68002B61D125
:10973000354B1B68002B5DD02EE0344BDB68DB68BB
:10974000FB60FB6818331846FFF744FDFB680433E1
:109750001846FFF73FFDFB68DB6A01229A402C4B5D
:109760001B6813432A4A1360FB68DA6A13469B009E
:1097700013449B00274A1A44FB68043319461046D9
:10978000FFF7CBFCFB68DA6A234B1B68DB6A9A4263
:1097900002D3224B01221A601C4B1B68002BCCD138
:1097A000FB68002B01D000F009FA1D4B1B687B60A1
:1097B0007B68002B10D000F047F80346002B02D046
:1097C000164B01221A607B68013B7B607B68002B93
:1097D000F1D1134B00221A60104B1B68002B09D0EB
:1097E0000123BB600F4B4FF080521A60BFF34F8FC5
:1097F000BFF36F8F00F0CAFBBB6818461037BD4639
:1098000080BD00BFFC0D0020D40D0020940D002071
:10981000DC0D0020D80C0020D40C0020E80D002026
:10982000E40D002004ED00E080B483B000AF054BF0
:109830001B687B607B6818460C37BD465DF8047B6F
:10984000704700BFD80D002080B586B000AF002360
:109850007B614F4B1B68002B40F08F804D4B1B688A
:1098600001333B614B4A3B6913603B69002B21D1BB
:10987000494B1B681B68002B0BD04FF0500383F340
:109880001188BFF36F8FBFF34F8F3B6000BF00BFE6
:10989000FDE7414B1B68FB60404B1B683E4A136071
:1098A0003E4AFB6813603E4B1B6801333C4A136021
:1098B00000F084F93B4B1B683A699A4248D3364B17
:1098C0001B681B68002B04D1364B4FF0FF321A6027
:1098D0003EE0314B1B68DB68DB68BB60BB685B68E4
:1098E0007B603A697B689A4203D22E4A7B68136098
:1098F0002EE0BB6804331846FFF76CFCBB689B6A1C
:10990000002B04D0BB6818331846FFF763FCBB6814
:10991000DB6A01229A40244B1B681343224A1360DE
:10992000BB68DA6A13469B0013449B001F4A1A4423
:10993000BB68043319461046FFF7EFFBBB68DA6AD1
:109940001B4B1B68DB6A9A42B9D301237B61B6E7E4
:10995000174B1B68DA6A154913469B0013449B009A
:109960000B441B68012B01D901237B61114B1B6840
:10997000002B07D001237B6104E00F4B1B680133F0
:109980000D4A13607B6918461837BD4680BD00BF7D
:10999000FC0D0020D80D00208C0D0020900D002023
:1099A000EC0D0020F40D0020DC0D0020D80C002070
:1099B000D40C0020E80D0020E40D002080B487B016
:1099C00000AF2A4B1B68002B03D0294B01221A60E1
:1099D00045E0274B00221A60264B1B68FB60FB68A2
:1099E000B3FA83F3FB72FB7AC3F11F037B61224955
:1099F0007A6913469B0013449B000B441B68002BA1
:109A00000BD14FF0500383F31188BFF36F8FBFF377
:109A10004F8F7B6000BF00BFFDE77A6913469B0054
:109A200013449B00144A13443B613B695B685A68CA
:109A30003B695A603B695A683B6908339A4204D1D2
:109A40003B695B685A683B695A603B695B68DB68E5
:109A50000A4A1360094B1B684C33094A136000BF64
:109A60001C37BD465DF8047B704700BFFC0D00202D
:109A7000E80D0020DC0D0020D80C0020D40C0020C4
:109A80004400002080B582B000AF786000F052F84A
:109A9000064B1B68012BF9D9054B4FF080521A6019
:109AA000BFF34F8FBFF36F8FF0E700BFD80C0020DC
:109AB00004ED00E080B582B000AF00237B600CE0D5
:109AC0007A6813469B0013449B00124A13441846BD
:109AD000FFF7F6FA7B6801337B607B68062BEFD9D2
:109AE0000D48FFF7EDFA0D48FFF7EAFA0C48FFF7CB
:109AF000E7FA0C48FFF7E4FA0B48FFF7E1FA0B4BE3
:109B0000054A1A600A4B054A1A6000BF0837BD466D
:109B100080BD00BFD80C0020640D0020780D00200F
:109B2000940D0020A80D0020C00D00208C0D0020F9
:109B3000900D002080B582B000AF19E000F0F4F97C
:109B4000104BDB68DB687B607B6804331846FFF7EB
:109B500041FB0D4B1B68013B0B4A13600B4B1B6811
:109B6000013B0A4A136000F011FA786800F010F81F
:109B7000064B1B68002BE1D100BF00BF0837BD4674
:109B800080BD00BFA80D0020D40D0020BC0D00201A
:109B900080B582B000AF78607B684C33184600F027
:109BA0004FFD7B681B6B184600F06CFB786800F07B
:109BB00069FB00BF0837BD4680BD000080B483B09C
:109BC00000AF0C4B1B681B68002B04D10A4B4FF0F5
:109BD000FF321A6008E0074B1B68DB68DB687B60BC
:109BE0007B685B68044A136000BF0C37BD465DF8B4
:109BF000047B70478C0D0020F40D002080B584B0EC
:109C000000AF78603960294B1B68FB60284B1B68EC
:109C100004331846FFF7DEFA0346002B0BD1244B22
:109C20001B68DB6A012202FA03F3DA43214B1B684B
:109C30001340204A13607B68B3F1FF3F0AD13B68B1
:109C4000002B07D01A4B1B68043319461A48FFF73C
:109C500064FA26E0FA687B681344BB60144B1B6807
:109C6000BA685A60BA68FB689A4209D2134B1A68FC
:109C70000F4B1B68043319461046FFF772FA10E0C9
:109C80000F4B1A680A4B1B68043319461046FFF73E
:109C900068FA0C4B1B68BA689A4202D2094ABB6840
:109CA000136000BF1037BD4680BD00BFD80D002037
:109CB000D40C0020DC0D0020C00D0020900D0020F1
:109CC0008C0D0020F40D002080B485B000AFF8604A
:109CD000B9607A60FB68043BFB60FB684FF0807200
:109CE0001A60FB68043BFB60BB6823F00102FB6861
:109CF0001A60FB68043BFB600C4AFB681A60FB6857
:109D0000143BFB607A68FB681A60FB68043BFB60ED
:109D1000FB686FF002021A60FB68203BFB60FB6887
:109D200018461437BD465DF8047B7047319D000826
:109D300080B485B000AF00237B60134B1B68B3F188
:109D4000FF3F0BD04FF0500383F31188BFF36F8FA9
:109D5000BFF34F8FFB6000BF00BFFDE74FF0500324
:109D600083F31188BFF36F8FBFF34F8FBB6000BFCA
:109D700000BF7B68002BFCD000BF00BF1437BD467E
:109D80005DF8047B704700BF400000200000000029
:109D9000074B19680868B0E8F04F80F30988BFF3F3
:109DA0006F8F4FF0000080F311887047AFF3008091
:109DB000D40C002000BF00BF08480068006880F392
:109DC00008884FF0000080F3148862B661B6BFF3D4
:109DD0004F8FBFF36F8F00DF00BF00BF08ED00E0C3
:109DE00080B586B000AF474B1B68474A93420BD102
:109DF0004FF0500383F31188BFF36F8FBFF34F8F82
:109E0000FB6000BF00BFFDE73E4B1B683F4A93422B
:109E10000BD14FF0500383F31188BFF36F8FBFF363
:109E20004F8F3B6100BF00BFFDE7394B7B617B6912
:109E30001B78DBB27B607B69FF221A707B691B7821
:109E4000DBB2FB70FB78DBB203F05003DAB2314BCC
:109E50001A70314B07221A6009E02F4B1B68013B37
:109E60002D4A1360FB78DBB25B00DBB2FB70FB7842
:109E7000DBB203F08003802BEFD0274B1B68C3F1CC
:109E80000703042B0BD04FF0500383F31188BFF36B
:109E90006F8FBFF34F8FBB6000BF00BFFDE71E4B4E
:109EA0001B681B021C4A13601B4B1B6803F4E06316
:109EB000194A13607B68DAB27B691A70174B1B680A
:109EC000164A43F470031360144B1B68134A43F0A3
:109ED0007043136000F0DAF8114B00221A6000F0B2
:109EE000F9F8104B1B680F4A43F040431360FFF72B
:109EF00063FFFFF763FDFFF71BFF002318461837CA
:109F0000BD4680BD00ED00E071C20F4170C20F413F
:109F100000E400E0000E0020040E002020ED00E030
:109F20004000002034EF00E080B483B000AF4FF079
:109F3000500383F31188BFF36F8FBFF34F8F7B60A4
:109F400000BF104B1B6801330E4A13600D4B1B689A
:109F5000012B10D10C4B1B68DBB2002B0BD04FF048
:109F6000500383F31188BFF36F8FBFF34F8F3B60B4
:109F700000BF00BFFDE700BF0C37BD465DF8047BA6
:109F8000704700BF4000002004ED00E080B483B0C3
:109F900000AF124B1B68002B0BD14FF0500383F323
:109FA0001188BFF36F8FBFF34F8F7B6000BF00BF7F
:109FB000FDE70A4B1B68013B084A1360074B1B680F
:109FC000002B05D100233B603B6883F3118800BF61
:109FD00000BF0C37BD465DF8047B70474000002091
:109FE000EFF30980BFF36F8F154B1A681EF0100F47
:109FF00008BF20ED108A20E9F04F10602DE909001C
:10A000004FF0500080F31188BFF34F8FBFF36F8F75
:10A01000FFF7D4FC4FF0000080F3118809BC1968E9
:10A020000868B0E8F04F1EF0100F08BFB0EC108ABF
:10A0300080F30988BFF36F8F704700BFAFF30080D4
:10A04000D40C002000BF00BF80B582B000AF4FF03D
:10A05000500383F31188BFF36F8FBFF34F8F7B6083
:10A0600000BFFFF7F1FB0346002B03D0064B4FF078
:10A0700080521A6000233B603B6883F3118800BF65
:10A0800000BF0837BD4680BD04ED00E080B400AFDE
:10A090000B4B00221A600B4B00221A600A4B1B6804
:10A0A0000A4AA2FB03239B09094A013B1360044BA4
:10A0B00007221A6000BFBD465DF8047B704700BFF1
:10A0C00010E000E018E000E008000020D34D62102E
:10A0D00014E000E0DFF80C00016841F47001016059
:10A0E000704700BF88ED00E080B58AB000AF7860AF
:10A0F0000023FB61FFF7ECFA5C4B1B68002B01D1DE
:10A1000000F024F95A4B1A687B681340002B40F08A
:10A1100095807B68002B1ED008227B6813447B60EF
:10A120007B6803F00703002B15D07B6823F007033F
:10A1300008337B607B6803F00703002B0BD04FF0E4
:10A14000500383F31188BFF36F8FBFF34F8F7B6191
:10A1500000BF00BFFDE77B68002B6FD0454B1B683D
:10A160007A689A426AD8444B3B62434B1B687B62D5
:10A1700004E07B6A3B627B6A1B687B627B6A5B688C
:10A180007A689A4203D97B6A1B68002BF1D1374B5E
:10A190001B687A6A9A4251D03B6A1B6808221344B2
:10A1A000FB617B6A1A683B6A1A607B6A5A687B6843
:10A1B000D21A08235B009A4220D97A6A7B6813443A
:10A1C000BB61BB6903F00703002B0BD04FF05003BA
:10A1D00083F31188BFF36F8FBFF34F8F3B6100BFD5
:10A1E00000BFFDE77B6A5A687B68D21ABB695A6078
:10A1F0007B6A7A685A60B86900F00AF91D4B1A68E0
:10A200007B6A5B68D31A1B4A13601A4B1A681B4B94
:10A210001B689A4203D2174B1B68184A13607B6A6B
:10A220005A68134B1B681A437B6A5A607B6A002288
:10A230001A60134B1B680133114A1360FFF756FA7B
:10A24000FB6903F00703002B0BD04FF0500383F39F
:10A250001188BFF36F8FBFF34F8FFB6000BF00BF4C
:10A26000FDE7FB6918462837BD4680BD103E00203B
:10A27000243E0020143E0020083E0020183E00200E
:10A280001C3E002080B586B000AF78607B687B61A3
:10A290007B68002B4FD008235B427A6913447B61B3
:10A2A0007B693B613B695A68254B1B681340002B57
:10A2B0000BD14FF0500383F31188BFF36F8FBFF3BF
:10A2C0004F8FFB6000BF00BFFDE73B691B68002BA1
:10A2D0000BD04FF0500383F31188BFF36F8FBFF3A0
:10A2E0004F8FBB6000BF00BFFDE73B695A68144B4E
:10A2F0001B681340002B1ED03B691B68002B1AD132
:10A300003B695A680E4B1B68DB431A403B695A6035
:10A31000FFF7DEF93B695A680A4B1B681344094A88
:10A320001360386900F074F8074B1B680133064A64
:10A330001360FFF7DBF900BF1837BD4680BD00BFD3
:10A34000243E0020143E0020203E002080B485B032
:10A3500000AF4FF44053BB60274BFB60FB6803F03A
:10A360000703002B0CD0FB680733FB60FB6823F06E
:10A370000703FB60BA68FB68D31A1F4A1344BB602B
:10A38000FB687B601D4A7B6813601C4B00225A608F
:10A390007B68BA681344FB600822FB689B1AFB6069
:10A3A000FB6823F00703FB60FB68154A1360144B3E
:10A3B0001B6800225A60124B1B6800221A607B68DF
:10A3C0003B603B68FA68D21A3B685A600C4B1A68CB
:10A3D0003B681A603B685B680A4A13603B685B68CD
:10A3E000094A1360094B4FF000421A6000BF14374E
:10A3F000BD465DF8047B7047080E0020083E002033
:10A40000103E0020183E0020143E0020243E002074
:10A4100080B485B000AF7860284BFB6002E0FB6839
:10A420001B68FB60FB681B687A689A42F7D8FB6878
:10A43000BB60FB685B68BA6813447A689A4208D1CB
:10A44000FB685A687B685B681A44FB685A60FB6863
:10A450007B607B68BB607B685B68BA681A44FB689A
:10A460001B689A4218D1FB681A68154B1B689A4200
:10A470000DD07B685A68FB681B685B681A447B6870
:10A480005A60FB681B681A687B681A6008E00C4B0E
:10A490001A687B681A6003E0FB681A687B681A60B8
:10A4A000FA687B689A4202D0FB687A681A6000BF3B
:10A4B0001437BD465DF8047B704700BF083E00209E
:10A4C000103E0020024B0146186800F025B800BF7E
:10A4D0004400002070B50F4E0C463168054611B996
:10A4E00000F00CF930602146284600F007F9431CC3
:10A4F00003D14FF0FF34204670BDC41C24F0030488
:10A50000A042F8D0211A284600F0F8F80130F2D124
:10A51000EFE700BF283E00202DE9F843CD1C25F0D1
:10A52000030508350C2D38BF0C25002D064601DB30
:10A53000A94204D90C2333600020BDE8F883DFF87A
:10A54000D48000F069F8D8F800301C4644BB294696
:10A550003046FFF7BFFF431C044658D1D8F80040EF
:10A560002746002F43D1002C4BD023683946304674
:10A5700004EB030900F0C2F8814542D121686D1A4D
:10A5800029463046FFF7A6FF01303AD023682B4416
:10A590002360D8F800305A6862BBC8F800700FE03A
:10A5A0002268521B20D40B2A17D96119A3422560B7
:10A5B00018BF5960636808BFC8F8001062514B604B
:10A5C000304600F02FF804F10B00231D20F00700A7
:10A5D000C21A1CBF1B1AA350AFE76268A3420CBF8C
:10A5E000C8F800205A60EBE723466468AEE73C46B3
:10A5F0007F68B6E71A465B68A342FBD1002353602D
:10A60000DEE70C233360304600F00CF894E7056079
:10A61000D6E700BF2C3E0020014800F0A9B800BFDB
:10A620006C3F0020014800F0A4B800BF6C3F002040
:10A6300002440346934200D1704703F8011BF9E737
:10A640002D4B1B68834270B5044653D0C3691BB3BE
:10A65000DB6863B10025E369DB685959B1B904359A
:10A66000802DF8D1E3692046D96800F099F8E369B4
:10A67000196811B1204600F093F8E3699D685DB157
:10A68000294620462D6800F08BF8F8E70E68204632
:10A6900000F086F83146E1E7616911B1204600F02B
:10A6A0007FF8E16911B1204600F07AF8216B11B111
:10A6B000204600F075F8616B11B1204600F070F88B
:10A6C000A16B11B1204600F06BF8A16C11B12046CE
:10A6D00000F066F8616C11B1204600F061F8E16AA3
:10A6E00011B1204600F05CF8236A1BB12046BDE89A
:10A6F0007040184770BD00BF4400002038B5064DBB
:10A700000023044608462B60F8F7A2FF431C02D141
:10A710002B6803B1236038BD683F0020014B1868E7
:10A72000704700BF4400002070B50D4D0D4C641BF8
:10A73000A4100026A64209D10B4D0C4C00F044FD9C
:10A74000641BA4100026A64205D170BD55F8043B39
:10A7500098470136EEE755F8043B98470136F2E793
:10A76000B8B20008B8B20008B8B20008BCB200081D
:10A7700070477047034611F8012B03F8012B002A9C
:10A78000F9D170470A44914200F1FF3300D170477C
:10A7900010B511F8014B03F8014F9142F9D110BDEA
:10A7A00038B50546002941D051F8043C0C1F002B58
:10A7B000B8BFE418FFF730FF1D4A136833B9636070
:10A7C00014602846BDE83840FFF72CBFA34208D9E3
:10A7D000206821188B4201BF19685B680918216045
:10A7E000EDE71A465B680BB1A342FAD9116850181D
:10A7F000A0420BD120680144501883421160E0D17F
:10A8000018685B68536008441060DAE702D90C23CB
:10A810002B60D6E7206821188B4204BF19685B685B
:10A82000636004BF091821605460CAE738BD00BFE7
:10A830002C3E002038B52DED028B55EC104B00F06E
:10A8400087F822462B4620462946B0EE408AF0EE95
:10A85000608AF6F73BF990B900220023204629468A
:10A86000F6F70CF958B1FFF759FF212303600022D6
:10A87000002310461946F5F7B9FF41EC180BB0EE6E
:10A88000480AF0EE680ABDEC028B38BD08B52DED24
:10A89000048BB0EE608AB0EE409A00F02FF9B4EE6F
:10A8A000488AF1EE10FAF0EE408A3ED6B5EE409AB4
:10A8B000F1EE10FA12D1B5EE408AF1EE10FA39D06D
:10A8C000B0EE480A00F039F878B3B5EEC08AF1EE80
:10A8D00010FA2AD5FFF722FF222314E000F02DF80A
:10A8E00098B9B0EE490A00F028F870B1B0EE480A05
:10A8F00000F023F848B1F4EE688AF1EE10FAE9D7D7
:10A90000FFF70CFF212303600FE0F5EE408AF1EE24
:10A9100010FA0AD1B0EE490A00F00FF828B1B0EEF3
:10A92000480A00F00AF80028D4D1B0EE680ABDEC5D
:10A93000048B08BDF7EE008AF7E710EE103A23F01B
:10A940000040B0F1FF4FACBF002001207047000075
:10A950002DE9F84F664A55EC104BAA432B46214689
:10A9600010D1224620462946F5F716FE02460B4630
:10A9700020462946F5F75AFC04460D4645EC104B97
:10A98000BDE8F88F002D0EDC25F000422243F5D003
:10A990009DB1224620462946F5F746FC02460B4665
:10A9A000F5F724FFE8E72A1515D1002009E0CB0AC6
:10A9B000153A4905002BFAD0F7E72A46FAE75B007B
:10A9C0000130DC02FBD5441E121BC0F1200421FA29
:10A9D00004F423438140C3F31303A2F2FF3743F48B
:10A9E0008013D2075CBF5B0003EBD1734FEA4303D4
:10A9F00058BF4900002603EBD1737F104900162091
:10AA000032464FF4001415199D42DEBF2A195B1B14
:10AA10003619CD0F013805EB43034FEA41014FEAE8
:10AA20005404F0D1054620244FF0004C93420CEB27
:10AA3000000E02DC13D18E4511D8BEF1000F0EEBD3
:10AA40000C003FDA00283DDB02F101089B1A8E451D
:10AA500088BF03F1FF33A1EB0E01654442464FEA84
:10AA6000D17E013C0EEB43034FEA41014FEA5C0CFF
:10AA7000DCD119431BD0DFF87CA0DFF87CB0DAE929
:10AA80000001DBE90023F5F7CFFBDAE90089024694
:10AA90000B4640464946F5F7FBFF40B1B5F1FF3F95
:10AAA000DAE90001DBE900230ED1013625467310F7
:10AAB00003F17F5303F5001303EB07516B0843EADF
:10AAC000C67059E79046C1E7F5F7B0FBDAE90089AF
:10AAD00002460B4640464946F5F7D0FF20B1AB1C75
:10AAE00008BF01360235E2E76B1C23F00105DEE703
:10AAF0000000F07F90B2000888B200082DE9F8430A
:10AB000010EE904A34F000492DED028B10EE106AE1
:10AB1000B0EE408AF0EE608A0CD186F480067600B2
:10AB200016F5000F40F2748238EE280ABDEC028B55
:10AB3000BDE8F88326F00048B8F1FF4F02D8B9F11C
:10AB4000FF4F08D9B6F17E5FEED184F48004640033
:10AB500014F5000FE6E7002E1FDAB9F1974F80F0E9
:10AB60006082B9F17E5F2FD34FEAE953C3F19603B8
:10AB700049FA03F505FA03F34B4523D105F0010526
:10AB8000C5F10205B9F17E5F1FD1002C80F246822B
:10AB9000F7EE007A87EE880AC8E7B9F1FF4F11D1C6
:10ABA000B8F17E5F00F0348206D99FEDC50A002C13
:10ABB000A8BFB0EE680AB9E7002C80F22C82B1EE93
:10ABC000680AB3E70025DDE70025B4F1804F02D124
:10ABD00028EE080AAAE7B4F17C5F40F02782002E35
:10ABE000C0F22482B0EE480ABDEC028BBDE8F84307
:10ABF00000F0E6BA012D99D1B1EE400A96E7F00FC8
:10AC0000013855EA000304D138EE488A88EE080A74
:10AC10008CE7B9F19A4F6DD9AA4B984508D8002C0A
:10AC20000BDA0020BDEC028BBDE8F84300F0C2BA9D
:10AC3000A54B984508D9002CF3DC0020BDEC028B15
:10AC4000BDE8F84300F0B0BAF7EE007A30EE670ADC
:10AC5000DFED9E6AF5EE007AE0EE676AF6EE007AC6
:10AC6000E6EEC07A20EE007ADFED996A27EE277AC9
:10AC7000DFED987A67EEC77A9FED977AE0EE077A74
:10AC8000B0EE677AA0EE267A17EE103A6FF30B0358
:10AC900007EE103AB0EE476AA0EE666A77EEC67A23
:10ACA000013D0543F7EE006ABFEE008A6FF30B0427
:10ACB00018BFB0EE668A06EE904A67EEA80A38EE34
:10ACC000E66A67EE267AE6EE070A30EEA77A17EE16
:10ACD000101A002921F0004340F3DD80B3F1864FC4
:10ACE00040F2CA80B5EEC08AF1EE10FA4CBF0120E6
:10ACF000002097E716F0FF4F01BFDFED787A60EE96
:10AD0000277A6FF0170317EE907A4FEAE75218BFD1
:10AD100000237F3A1A44724BC7F316079F4247F04D
:10AD20007E5106DD6F4B9F4240F3A4800132A1F5B6
:10AD3000000100266C4B03EB860307EE101AD3EDDF
:10AD4000005A6A4B75EE877AF7EE006AC6EEA74A9C
:10AD5000491041F0005101F5802101EB465137EED9
:10AD6000656A07EE901A26EE245A77EEE55A15EE3C
:10AD7000107A1F4006EE907AA6EEE76A37EE657A03
:10AD800065EE057AA6EEC76ADFED595A9FED597A4E
:10AD9000E7EE875A9FED587AA5EEA77ADFED4B5A7A
:10ADA000E7EE275A9FED557AA5EEA77ADFED545AC4
:10ADB00026EE246AE7EE275A35EE267A67EEA74A92
:10ADC00027EE067AF0EE087AA4EEA57AF0EE675A3E
:10ADD000E6EEA65A75EE875A15EE901A194005EE62
:10ADE000901A75EEE77AE6EEE67A77EE677A67EE26
:10ADF000857AE6EE257AB0EE676AA6EEA56A16EECB
:10AE0000101A194006EE101AB0EE467AA6EEE57A50
:10AE10003C4901EB860177EEC77A9FED3B7ADFED87
:10AE20003B5A67EE877A9FED3A7AE6EE077A91ED24
:10AE3000007A77EE877A07EE102A364AF8EEC76A6C
:10AE4000B0EE677AA6EE257A02EB860292ED005A02
:10AE500037EE057A37EE267A17EE102A1A4007EEFB
:10AE6000102A77EE666A76EEC56AE6EE656A77EED8
:10AE7000E67A15E701265DE752D1DFED276A37EE66
:10AE8000677A70EEA66AF4EEC76AF1EE10FA3FF741
:10AE900029AF862348E0214A934207D9B5EEC08AFC
:10AEA000F1EE10FA4CBF01200020C7E638D137EE92
:10AEB000677AB4EEE07AF1EE10FAEADBEEE700BF73
:10AEC00000000000F3FF7F3F0700803FABAAAA3ECF
:10AED00000AAB83F3BAAB83F70A5EC360000804BF3
:10AEE00071C41C00D6B35D00A8B2000800F0FFFFDB
:10AEF00055326C3E42F1533E05A38B3EB76DDB3EAF
:10AF00009A99193F98B200084F38763F0038763F3B
:10AF1000A0C39D36A0B200083CAA383300001643F7
:10AF2000B3F17C5F6FD9DB157E3B4FF40000184115
:10AF30000844C0F3C7534E4A7F3B1A41024007EE14
:10AF4000102AC0F3160040F40000C3F117031841A3
:10AF5000002977EEC77AB8BF404277EEA06A9FED2E
:10AF6000457A9FED456A16EE903A6FF30B0306EEB5
:10AF7000903A76EEE77AB7EE000A70EEE70ADFED78
:10AF80003F7A66EEA77AE0EE877AB0EE677AA6EEB1
:10AF9000867AF0EE475AE6EEC65A67EE076A77EE13
:10AFA000E57A9FED376ADFED375AA6EEA56ADFED49
:10AFB000365AE6EE265A9FED356AA5EEA66ADFED13
:10AFC000345AE6EE265AB0EE476AA5EEE66AF0EE8F
:10AFD000006A67EE065A36EE666AE7EE277AC5EE35
:10AFE000866A76EEE77A77EEC77A30EE670A10EE79
:10AFF000103A03EBC053B3F5000F06DA00F054F833
:10B0000020EE080A92E50020A7E700EE103AF7E7E5
:10B01000B7EE000A8AE59FED1F0A87E5B0EE480A01
:10B0200084E5B9F1FF4F3FF4BBAD0225B0EE480A0D
:10B0300000F032F826F04043B3F17E5F474603D07C
:10B04000B8F1000F7FF4DBAD002CBCBFF7EE007A47
:10B0500087EE800A002EBFF669ADA8F17E5858EA47
:10B0600005087FF4C7AD70EE407A87EEA70A5DE56C
:10B07000000080FF1872313F0072313F8CBEBF3537
:10B080000EEADDB54CBB313355B38A38610B36BBA4
:10B09000ABAA2A3E0000000010EE103A23F0004355
:10B0A00000EE103A7047000010EE103A33F0004204
:10B0B0002BD0B2F1FF4F02D330EE000A704713F0ED
:10B0C000FF4F23D1244BDFED257A984220EE270A4B
:10B0D00017DB10EE103AC3F3C752193A4CF2503155
:10B0E000884215DDDFED1E7ADFED1E6A10EE103AA4
:10B0F000B0EE677A002BB8BFF0EE667A27EE870ACB
:10B100007047DFED197A27EE800A7047D20DE5E728
:10B110001044FE28E6DC002806DD23F0FF4343EA66
:10B12000C05300EE103A704710F1160F09DADFED48
:10B130000E7ADFED0E6A10EE103AB0EE677A002B51
:10B14000D9E7193023F0FF4343EAC0539FED080AC3
:10B1500007EE903AD7E700BFB03CFFFF0000004C7D
:10B16000CAF24971CAF249F16042A20D6042A28D51
:10B170000000003310B52DED028BB0EE408A04467E
:10B18000FFF7CCFAB0EE480ABDEC028B046010BDAC
:10B1900030B1F1EE407A27EE800A2220FFF7EABFB5
:10B1A000F0EE407AF7E700009FED010AFFF7F0BFED
:10B1B000000000109FED010AFFF7EABF00000070D9
:10B1C000B1EEC00A70470000F8B500BFF8BC08BC7B
:10B1D0009E467047F8B500BFF8BC08BC9E46704755
:10B1E000626D70326164735461736B00E0B100088A
:10B1F000E13600080000000000000000000200002E
:10B20000697373326164735461736B0000B2000838
:10B21000AD41000800000000000000000002000036
:10B22000666C6173685461736B00000020B20008A3
:10B23000B53A000800000000000000000002000015
:10B2400049444C45000000000000000000000000E0
:10B2500001020304060708090000000001020304BC
:10B26000010002000400060008000A000C001000A3
:10B2700020004000800000010101010307010000DF
:10B28000080402040801010159F3F8C21F6EA50168
:10B29000000000000000F03F00000000DCCFD135CE
:10B2A0000000000000C0153F0000803F0000C03FCC
:08B2B0001859FF7F01000000A6
:04B2B8000502000883
:04B2BC00E1010008A4
:10B2C0007B14AE47E17A843F0024F40000000000C4
:10B2D000666666666666E63F1000000001000000D4
:10B2E000000000000000000000000000000000005E
:10B2F000010000000000000000000000000000004D
:10B30000AAAAAAAA4800002000000000303E00209F
:10B31000983E0020003F00200000000000000000D8
:10B32000000000000000000000000000000000001D
:10B33000000000000000000000000000000000000D
:10B3400000000000000000000000000000000000FD
:04B3500000000000F9
:04000005080041E1CD
:00000001FF
